,id,longitude,latitude,time,NDVI,EVI,DetailedQA,sur_refl_b01,sur_refl_b02,sur_refl_b03,sur_refl_b07,ViewZenith,SolarZenith,RelativeAzimuth,DayOfYear,SummaryQA,datetime
0,0,13.462377426636179,53.073589879886484,2001.0,6544.826086956522,3079.086956521739,6673.739130434783,370.2608695652174,1918.608695652174,266.4347826086956,417.9130434782609,2635.3478260869565,5423.086956521739,-103.52173913043478,185.08695652173913,0.6956521739130435,1970-01-01
1,1,13.462377426636179,53.073589879886484,2002.0,7270.565217391304,3268.3478260869565,6349.434782608696,301.7826086956522,1911.6521739130435,205.91304347826087,399.0869565217391,2268.782608695652,5324.739130434783,3807.0,184.7391304347826,0.6956521739130435,1970-01-01
2,2,13.462377426636179,53.073589879886484,2003.0,5972.739130434783,2923.0434782608695,5249.173913043478,643.3478260869565,2124.0434782608695,562.695652173913,556.304347826087,1759.391304347826,5372.782608695652,5207.434782608696,169.2608695652174,1.0,1970-01-01
3,3,13.462377426636179,53.073589879886484,2004.0,6831.652173913043,3238.8260869565215,5996.521739130435,360.8695652173913,1952.8695652173913,317.4347826086956,438.82608695652175,2426.608695652174,5399.739130434783,4564.782608695652,167.91304347826087,0.9130434782608695,1970-01-01
4,4,13.462377426636179,53.073589879886484,2005.0,6989.739130434783,2974.2608695652175,5767.565217391304,334.1304347826087,1785.2608695652175,268.04347826086956,412.7826086956522,1534.2608695652175,5387.521739130435,1101.4347826086957,184.08695652173913,0.5652173913043478,1970-01-01
5,0,13.464623214846478,53.073589879886484,2001.0,6544.826086956522,3079.086956521739,6673.739130434783,370.2608695652174,1918.608695652174,266.4347826086956,417.9130434782609,2635.3478260869565,5423.086956521739,-103.52173913043478,185.08695652173913,0.6956521739130435,1970-01-01
6,1,13.464623214846478,53.073589879886484,2002.0,7270.565217391304,3268.3478260869565,6349.434782608696,301.7826086956522,1911.6521739130435,205.91304347826087,399.0869565217391,2268.782608695652,5324.739130434783,3807.0,184.7391304347826,0.6956521739130435,1970-01-01
7,2,13.464623214846478,53.073589879886484,2003.0,5972.739130434783,2923.0434782608695,5249.173913043478,643.3478260869565,2124.0434782608695,562.695652173913,556.304347826087,1759.391304347826,5372.782608695652,5207.434782608696,169.2608695652174,1.0,1970-01-01
8,3,13.464623214846478,53.073589879886484,2004.0,6831.652173913043,3238.8260869565215,5996.521739130435,360.8695652173913,1952.8695652173913,317.4347826086956,438.82608695652175,2426.608695652174,5399.739130434783,4564.782608695652,167.91304347826087,0.9130434782608695,1970-01-01
9,4,13.464623214846478,53.073589879886484,2005.0,6989.739130434783,2974.2608695652175,5767.565217391304,334.1304347826087,1785.2608695652175,268.04347826086956,412.7826086956522,1534.2608695652175,5387.521739130435,1101.4347826086957,184.08695652173913,0.5652173913043478,1970-01-01
10,0,13.466869003056777,53.073589879886484,2001.0,6688.347826086957,3036.913043478261,6673.739130434783,353.1304347826087,1855.695652173913,266.4347826086956,417.9130434782609,2635.3478260869565,5423.086956521739,-103.52173913043478,185.08695652173913,0.6956521739130435,1970-01-01
11,1,13.466869003056777,53.073589879886484,2002.0,7266.304347826087,3292.1304347826085,6349.434782608696,299.2608695652174,1921.8695652173913,205.91304347826087,399.0869565217391,2268.782608695652,5324.739130434783,3807.0,184.7391304347826,0.6956521739130435,1970-01-01
12,2,13.466869003056777,53.073589879886484,2003.0,6276.304347826087,3049.1304347826085,5249.173913043478,565.0869565217391,2097.3478260869565,562.695652173913,556.304347826087,1759.391304347826,5372.782608695652,5207.434782608696,169.2608695652174,1.0,1970-01-01
13,3,13.466869003056777,53.073589879886484,2004.0,6926.863636363636,3256.181818181818,5996.521739130435,344.1363636363636,1926.0434782608695,317.4347826086956,438.82608695652175,2426.608695652174,5399.739130434783,4564.782608695652,167.91304347826087,0.9130434782608695,1970-01-01
14,4,13.466869003056777,53.073589879886484,2005.0,7076.913043478261,3085.913043478261,5767.565217391304,329.9130434782609,1842.695652173913,268.04347826086956,412.7826086956522,1534.2608695652175,5387.521739130435,1101.4347826086957,184.08695652173913,0.5652173913043478,1970-01-01
15,0,13.469114791267076,53.073589879886484,2001.0,6627.217391304348,2944.478260869565,7213.695652173913,353.04347826086956,1811.4347826086957,271.5652173913044,433.5217391304348,2489.478260869565,5409.521739130435,-820.3913043478261,184.34782608695653,0.6086956521739131,1970-01-01
16,1,13.469114791267076,53.073589879886484,2002.0,7261.95652173913,3351.8695652173915,6277.086956521739,312.0869565217391,1940.0869565217392,234.52173913043478,434.2173913043478,2269.1739130434785,5324.695652173913,3816.1739130434785,184.7391304347826,0.6956521739130435,1970-01-01
17,2,13.469114791267076,53.073589879886484,2003.0,6436.304347826087,3224.9565217391305,3629.5652173913045,817.2173913043479,2432.3478260869565,656.695652173913,699.8260869565217,1700.7391304347825,5383.173913043478,6311.260869565217,168.82608695652175,1.0,1970-01-01
18,3,13.469114791267076,53.073589879886484,2004.0,6590.782608695652,3161.304347826087,5767.652173913043,524.6521739130435,2100.5652173913045,449.1304347826087,518.8695652173913,2494.3478260869565,5414.130434782609,3100.478260869565,168.69565217391303,0.9130434782608695,1970-01-01
19,4,13.469114791267076,53.073589879886484,2005.0,7066.478260869565,3038.8260869565215,6951.04347826087,327.30434782608694,1844.695652173913,233.6086956521739,392.7826086956522,1427.0434782608695,5388.0,-116.3913043478261,184.65217391304347,0.5217391304347826,1970-01-01
20,0,13.471360579477375,53.073589879886484,2001.0,6627.217391304348,2944.478260869565,7213.695652173913,353.04347826086956,1811.4347826086957,271.5652173913044,433.5217391304348,2489.478260869565,5409.521739130435,-820.3913043478261,184.34782608695653,0.6086956521739131,1970-01-01
21,1,13.471360579477375,53.073589879886484,2002.0,7261.95652173913,3351.8695652173915,6277.086956521739,312.0869565217391,1940.0869565217392,234.52173913043478,434.2173913043478,2269.1739130434785,5324.695652173913,3816.1739130434785,184.7391304347826,0.6956521739130435,1970-01-01
22,2,13.471360579477375,53.073589879886484,2003.0,6436.304347826087,3224.9565217391305,3629.5652173913045,817.2173913043479,2432.3478260869565,656.695652173913,699.8260869565217,1700.7391304347825,5383.173913043478,6311.260869565217,168.82608695652175,1.0,1970-01-01
23,3,13.471360579477375,53.073589879886484,2004.0,6590.782608695652,3161.304347826087,5767.652173913043,524.6521739130435,2100.5652173913045,449.1304347826087,518.8695652173913,2494.3478260869565,5414.130434782609,3100.478260869565,168.69565217391303,0.9130434782608695,1970-01-01
24,4,13.471360579477375,53.073589879886484,2005.0,7066.478260869565,3038.8260869565215,6951.04347826087,327.30434782608694,1844.695652173913,233.6086956521739,392.7826086956522,1427.0434782608695,5388.0,-116.3913043478261,184.65217391304347,0.5217391304347826,1970-01-01
25,0,13.473606367687674,53.073589879886484,2001.0,6861.173913043478,3125.5652173913045,7213.695652173913,333.04347826086956,1875.391304347826,271.5652173913044,433.5217391304348,2489.478260869565,5409.521739130435,-820.3913043478261,184.34782608695653,0.6086956521739131,1970-01-01
26,1,13.473606367687674,53.073589879886484,2002.0,7216.478260869565,3273.913043478261,6277.086956521739,374.8695652173913,2012.695652173913,234.52173913043478,434.2173913043478,2269.1739130434785,5324.695652173913,3816.1739130434785,184.7391304347826,0.6956521739130435,1970-01-01
27,2,13.473606367687674,53.073589879886484,2003.0,6516.565217391304,3264.5652173913045,3629.5652173913045,793.1739130434783,2394.782608695652,656.695652173913,699.8260869565217,1700.7391304347825,5383.173913043478,6311.260869565217,168.82608695652175,1.0,1970-01-01
28,3,13.473606367687674,53.073589879886484,2004.0,6779.173913043478,3260.782608695652,5767.652173913043,584.1304347826087,2203.1304347826085,449.1304347826087,518.8695652173913,2494.3478260869565,5414.130434782609,3100.478260869565,168.69565217391303,0.9130434782608695,1970-01-01
29,4,13.473606367687674,53.073589879886484,2005.0,7094.260869565217,3058.913043478261,6951.04347826087,327.30434782608694,1857.5652173913043,233.6086956521739,392.7826086956522,1427.0434782608695,5388.0,-116.3913043478261,184.65217391304347,0.5217391304347826,1970-01-01
30,0,13.475852155897972,53.073589879886484,2001.0,6910.260869565217,3203.0434782608695,6932.826086956522,327.04347826086956,1890.695652173913,277.1304347826087,436.8695652173913,2738.6521739130435,5447.173913043478,-845.0,184.30434782608697,0.6956521739130435,1970-01-01
31,1,13.475852155897972,53.073589879886484,2002.0,7424.826086956522,3410.913043478261,7407.695652173913,310.7826086956522,2030.5217391304348,212.56521739130434,386.30434782608694,2337.6521739130435,5353.913043478261,3918.217391304348,185.2608695652174,0.6956521739130435,1970-01-01
32,2,13.475852155897972,53.073589879886484,2003.0,6703.565217391304,3651.608695652174,3437.6521739130435,568.8260869565217,2323.8260869565215,605.304347826087,643.4347826086956,1831.8260869565217,5383.304347826087,6333.608695652174,169.69565217391303,1.0869565217391304,1970-01-01
33,3,13.475852155897972,53.073589879886484,2004.0,7190.260869565217,3570.8260869565215,4081.217391304348,354.0869565217391,2116.782608695652,311.82608695652175,483.2608695652174,2495.0434782608695,5443.173913043478,3173.695652173913,168.17391304347825,0.9130434782608695,1970-01-01
34,4,13.475852155897972,53.073589879886484,2005.0,7188.391304347826,3150.4347826086955,5042.0,324.2608695652174,1896.7826086956522,276.69565217391306,434.7391304347826,1372.4782608695652,5383.304347826087,1262.2608695652175,184.56521739130434,0.5652173913043478,1970-01-01
35,0,13.47809794410827,53.073589879886484,2001.0,6910.260869565217,3203.0434782608695,6932.826086956522,327.04347826086956,1890.695652173913,277.1304347826087,436.8695652173913,2738.6521739130435,5447.173913043478,-845.0,184.30434782608697,0.6956521739130435,1970-01-01
36,1,13.47809794410827,53.073589879886484,2002.0,7424.826086956522,3410.913043478261,7407.695652173913,310.7826086956522,2030.5217391304348,212.56521739130434,386.30434782608694,2337.6521739130435,5353.913043478261,3918.217391304348,185.2608695652174,0.6956521739130435,1970-01-01
37,2,13.47809794410827,53.073589879886484,2003.0,6703.565217391304,3651.608695652174,3437.6521739130435,568.8260869565217,2323.8260869565215,605.304347826087,643.4347826086956,1831.8260869565217,5383.304347826087,6333.608695652174,169.69565217391303,1.0869565217391304,1970-01-01
38,3,13.47809794410827,53.073589879886484,2004.0,7190.260869565217,3570.8260869565215,4081.217391304348,354.0869565217391,2116.782608695652,311.82608695652175,483.2608695652174,2495.0434782608695,5443.173913043478,3173.695652173913,168.17391304347825,0.9130434782608695,1970-01-01
39,4,13.47809794410827,53.073589879886484,2005.0,7188.391304347826,3150.4347826086955,5042.0,324.2608695652174,1896.7826086956522,276.69565217391306,434.7391304347826,1372.4782608695652,5383.304347826087,1262.2608695652175,184.56521739130434,0.5652173913043478,1970-01-01
40,0,13.48034373231857,53.073589879886484,2001.0,7051.130434782609,3258.304347826087,6932.826086956522,322.7826086956522,1916.0,277.1304347826087,436.8695652173913,2738.6521739130435,5447.173913043478,-845.0,184.30434782608697,0.6956521739130435,1970-01-01
41,1,13.48034373231857,53.073589879886484,2002.0,7291.347826086957,3458.0,7407.695652173913,328.0869565217391,2077.6521739130435,212.56521739130434,386.30434782608694,2337.6521739130435,5353.913043478261,3918.217391304348,185.2608695652174,0.6956521739130435,1970-01-01
42,2,13.48034373231857,53.073589879886484,2003.0,6692.695652173913,3462.0,3437.6521739130435,572.5652173913044,2290.5652173913045,605.304347826087,643.4347826086956,1831.8260869565217,5383.304347826087,6333.608695652174,169.69565217391303,1.0869565217391304,1970-01-01
43,3,13.48034373231857,53.073589879886484,2004.0,7129.130434782609,3602.0,4081.217391304348,384.5217391304348,2172.9565217391305,311.82608695652175,483.2608695652174,2495.0434782608695,5443.173913043478,3173.695652173913,168.17391304347825,0.9130434782608695,1970-01-01
44,4,13.48034373231857,53.073589879886484,2005.0,7095.608695652174,3171.478260869565,5042.0,347.95652173913044,1936.8260869565217,276.69565217391306,434.7391304347826,1372.4782608695652,5383.304347826087,1262.2608695652175,184.56521739130434,0.5652173913043478,1970-01-01
45,0,13.482589520528869,53.073589879886484,2001.0,7019.608695652174,3207.608695652174,6570.739130434783,361.82608695652175,1921.695652173913,322.8695652173913,575.8260869565217,2646.521739130435,5419.608695652174,-121.65217391304348,184.8695652173913,0.6956521739130435,1970-01-01
46,1,13.482589520528869,53.073589879886484,2002.0,7270.565217391304,3483.391304347826,5826.565217391304,354.30434782608694,2078.304347826087,269.60869565217394,523.3913043478261,2263.304347826087,5340.347826086957,3077.9565217391305,184.1304347826087,0.6956521739130435,1970-01-01
47,2,13.482589520528869,53.073589879886484,2003.0,6487.608695652174,3516.695652173913,4787.652173913043,677.0869565217391,2407.1739130434785,736.0,774.9130434782609,2309.1304347826085,5390.695652173913,5757.695652173913,169.47826086956522,1.0869565217391304,1970-01-01
48,3,13.482589520528869,53.073589879886484,2004.0,7005.913043478261,3553.0,3719.1304347826085,402.04347826086956,2129.8695652173915,396.60869565217394,585.1304347826087,2370.9565217391305,5400.0,4700.521739130435,168.1304347826087,0.9130434782608695,1970-01-01
49,4,13.482589520528869,53.073589879886484,2005.0,7119.217391304348,3169.1739130434785,4907.913043478261,341.2173913043478,1898.304347826087,281.60869565217394,538.304347826087,1192.9130434782608,5377.652173913043,1512.9565217391305,185.47826086956522,0.5652173913043478,1970-01-01
50,0,13.484835308739168,53.073589879886484,2001.0,7019.608695652174,3207.608695652174,6570.739130434783,361.82608695652175,1921.695652173913,322.8695652173913,575.8260869565217,2646.521739130435,5419.608695652174,-121.65217391304348,184.8695652173913,0.6956521739130435,1970-01-01
51,1,13.484835308739168,53.073589879886484,2002.0,7270.565217391304,3483.391304347826,5826.565217391304,354.30434782608694,2078.304347826087,269.60869565217394,523.3913043478261,2263.304347826087,5340.347826086957,3077.9565217391305,184.1304347826087,0.6956521739130435,1970-01-01
52,2,13.484835308739168,53.073589879886484,2003.0,6487.608695652174,3516.695652173913,4787.652173913043,677.0869565217391,2407.1739130434785,736.0,774.9130434782609,2309.1304347826085,5390.695652173913,5757.695652173913,169.47826086956522,1.0869565217391304,1970-01-01
53,3,13.484835308739168,53.073589879886484,2004.0,7005.913043478261,3553.0,3719.1304347826085,402.04347826086956,2129.8695652173915,396.60869565217394,585.1304347826087,2370.9565217391305,5400.0,4700.521739130435,168.1304347826087,0.9130434782608695,1970-01-01
54,4,13.484835308739168,53.073589879886484,2005.0,7119.217391304348,3169.1739130434785,4907.913043478261,341.2173913043478,1898.304347826087,281.60869565217394,538.304347826087,1192.9130434782608,5377.652173913043,1512.9565217391305,185.47826086956522,0.5652173913043478,1970-01-01
55,0,13.462377426636179,53.07583566809678,2001.0,6475.565217391304,3193.7391304347825,6504.0,398.7391304347826,2007.0869565217392,326.95652173913044,607.4347826086956,2537.521739130435,5413.652173913043,-257.82608695652175,184.43478260869566,0.6521739130434783,1970-01-01
56,1,13.462377426636179,53.07583566809678,2002.0,7095.04347826087,3360.217391304348,7340.565217391304,332.4347826086956,1992.9565217391305,240.30434782608697,579.5652173913044,2363.1739130434785,5324.608695652174,4564.739130434783,184.65217391304347,0.7391304347826086,1970-01-01
57,2,13.462377426636179,53.07583566809678,2003.0,5862.739130434783,3054.217391304348,3975.478260869565,807.3478260869565,2301.521739130435,800.304347826087,816.2608695652174,2133.695652173913,5380.0,4401.04347826087,169.6086956521739,1.2608695652173914,1970-01-01
58,3,13.462377426636179,53.07583566809678,2004.0,6652.95652173913,3461.2608695652175,5506.260869565217,420.4782608695652,2070.478260869565,389.95652173913044,657.4347826086956,2558.695652173913,5410.391304347826,3830.9565217391305,168.17391304347825,0.9130434782608695,1970-01-01
59,4,13.462377426636179,53.07583566809678,2005.0,6848.130434782609,3255.217391304348,4804.739130434783,395.5652173913044,2018.304347826087,340.17391304347825,663.695652173913,1566.1304347826087,5397.565217391304,837.1304347826087,184.04347826086956,0.4782608695652174,1970-01-01
60,0,13.464623214846478,53.07583566809678,2001.0,6475.565217391304,3193.7391304347825,6504.0,398.7391304347826,2007.0869565217392,326.95652173913044,607.4347826086956,2537.521739130435,5413.652173913043,-257.82608695652175,184.43478260869566,0.6521739130434783,1970-01-01
61,1,13.464623214846478,53.07583566809678,2002.0,7095.04347826087,3360.217391304348,7340.565217391304,332.4347826086956,1992.9565217391305,240.30434782608697,579.5652173913044,2363.1739130434785,5324.608695652174,4564.739130434783,184.65217391304347,0.7391304347826086,1970-01-01
62,2,13.464623214846478,53.07583566809678,2003.0,5862.739130434783,3054.217391304348,3975.478260869565,807.3478260869565,2301.521739130435,800.304347826087,816.2608695652174,2133.695652173913,5380.0,4401.04347826087,169.6086956521739,1.2608695652173914,1970-01-01
63,3,13.464623214846478,53.07583566809678,2004.0,6652.95652173913,3461.2608695652175,5506.260869565217,420.4782608695652,2070.478260869565,389.95652173913044,657.4347826086956,2558.695652173913,5410.391304347826,3830.9565217391305,168.17391304347825,0.9130434782608695,1970-01-01
64,4,13.464623214846478,53.07583566809678,2005.0,6848.130434782609,3255.217391304348,4804.739130434783,395.5652173913044,2018.304347826087,340.17391304347825,663.695652173913,1566.1304347826087,5397.565217391304,837.1304347826087,184.04347826086956,0.4782608695652174,1970-01-01
65,0,13.466869003056777,53.07583566809678,2001.0,6350.086956521739,3249.1739130434785,6504.0,474.60869565217394,2164.304347826087,326.95652173913044,607.4347826086956,2537.521739130435,5413.652173913043,-257.82608695652175,184.43478260869566,0.6521739130434783,1970-01-01
66,1,13.466869003056777,53.07583566809678,2002.0,7110.565217391304,3431.4347826086955,7340.565217391304,333.6521739130435,2044.0434782608695,240.30434782608697,579.5652173913044,2363.1739130434785,5324.608695652174,4564.739130434783,184.65217391304347,0.7391304347826086,1970-01-01
67,2,13.466869003056777,53.07583566809678,2003.0,5726.521739130435,3031.217391304348,3975.478260869565,972.0869565217391,2506.1739130434785,800.304347826087,816.2608695652174,2133.695652173913,5380.0,4401.04347826087,169.6086956521739,1.2608695652173914,1970-01-01
68,3,13.466869003056777,53.07583566809678,2004.0,6520.04347826087,3421.4347826086955,5506.260869565217,448.60869565217394,2122.217391304348,389.95652173913044,657.4347826086956,2558.695652173913,5410.391304347826,3830.9565217391305,168.17391304347825,0.9130434782608695,1970-01-01
69,4,13.466869003056777,53.07583566809678,2005.0,6798.869565217391,3219.608695652174,4804.739130434783,392.69565217391306,2001.1739130434783,340.17391304347825,663.695652173913,1566.1304347826087,5397.565217391304,837.1304347826087,184.04347826086956,0.4782608695652174,1970-01-01
70,0,13.469114791267076,53.07583566809678,2001.0,6228.782608695652,3313.2608695652175,7834.565217391304,543.8260869565217,2209.913043478261,539.4782608695652,805.8695652173913,2434.8695652173915,5410.173913043478,932.7826086956521,183.17391304347825,0.6086956521739131,1970-01-01
71,1,13.469114791267076,53.07583566809678,2002.0,7036.478260869565,3523.304347826087,8434.434782608696,364.3478260869565,2104.3478260869565,281.0869565217391,702.6521739130435,2284.086956521739,5335.391304347826,3774.478260869565,184.6086956521739,0.6086956521739131,1970-01-01
72,2,13.469114791267076,53.07583566809678,2003.0,5865.739130434783,3006.1739130434785,3594.5652173913045,747.7391304347826,2260.217391304348,634.5217391304348,857.8695652173913,2074.913043478261,5355.565217391304,6512.260869565217,169.30434782608697,1.173913043478261,1970-01-01
73,3,13.469114791267076,53.07583566809678,2004.0,6578.652173913043,3367.695652173913,5233.217391304348,460.39130434782606,2152.217391304348,481.0869565217391,728.1739130434783,2470.1739130434785,5419.086956521739,3891.782608695652,167.95652173913044,0.9130434782608695,1970-01-01
74,4,13.469114791267076,53.07583566809678,2005.0,6575.130434782609,3038.8260869565215,4551.739130434783,417.7826086956522,1972.2173913043478,351.2173913043478,622.0869565217391,1374.1739130434783,5383.608695652174,386.04347826086956,184.56521739130434,0.5652173913043478,1970-01-01
75,0,13.471360579477375,53.07583566809678,2001.0,6228.782608695652,3313.2608695652175,7834.565217391304,543.8260869565217,2209.913043478261,539.4782608695652,805.8695652173913,2434.8695652173915,5410.173913043478,932.7826086956521,183.17391304347825,0.6086956521739131,1970-01-01
76,1,13.471360579477375,53.07583566809678,2002.0,7036.478260869565,3523.304347826087,8434.434782608696,364.3478260869565,2104.3478260869565,281.0869565217391,702.6521739130435,2284.086956521739,5335.391304347826,3774.478260869565,184.6086956521739,0.6086956521739131,1970-01-01
77,2,13.471360579477375,53.07583566809678,2003.0,5865.739130434783,3006.1739130434785,3594.5652173913045,747.7391304347826,2260.217391304348,634.5217391304348,857.8695652173913,2074.913043478261,5355.565217391304,6512.260869565217,169.30434782608697,1.173913043478261,1970-01-01
78,3,13.471360579477375,53.07583566809678,2004.0,6578.652173913043,3367.695652173913,5233.217391304348,460.39130434782606,2152.217391304348,481.0869565217391,728.1739130434783,2470.1739130434785,5419.086956521739,3891.782608695652,167.95652173913044,0.9130434782608695,1970-01-01
79,4,13.471360579477375,53.07583566809678,2005.0,6575.130434782609,3038.8260869565215,4551.739130434783,417.7826086956522,1972.2173913043478,351.2173913043478,622.0869565217391,1374.1739130434783,5383.608695652174,386.04347826086956,184.56521739130434,0.5652173913043478,1970-01-01
80,0,13.473606367687674,53.07583566809678,2001.0,6571.565217391304,3350.478260869565,7834.565217391304,477.60869565217394,2086.782608695652,539.4782608695652,805.8695652173913,2434.8695652173915,5410.173913043478,932.7826086956521,183.17391304347825,0.6086956521739131,1970-01-01
81,1,13.473606367687674,53.07583566809678,2002.0,7217.782608695652,3513.1304347826085,8434.434782608696,333.6521739130435,2037.9130434782608,281.0869565217391,702.6521739130435,2284.086956521739,5335.391304347826,3774.478260869565,184.6086956521739,0.6086956521739131,1970-01-01
82,2,13.473606367687674,53.07583566809678,2003.0,6148.869565217391,3197.2608695652175,3594.5652173913045,657.6086956521739,2237.3478260869565,634.5217391304348,857.8695652173913,2074.913043478261,5355.565217391304,6512.260869565217,169.30434782608697,1.173913043478261,1970-01-01
83,3,13.473606367687674,53.07583566809678,2004.0,6679.260869565217,3373.478260869565,5233.217391304348,487.04347826086956,2155.217391304348,481.0869565217391,728.1739130434783,2470.1739130434785,5419.086956521739,3891.782608695652,167.95652173913044,0.9130434782608695,1970-01-01
84,4,13.473606367687674,53.07583566809678,2005.0,6760.913043478261,3114.521739130435,4551.739130434783,462.82608695652175,2002.7826086956522,351.2173913043478,622.0869565217391,1374.1739130434783,5383.608695652174,386.04347826086956,184.56521739130434,0.5652173913043478,1970-01-01
85,0,13.475852155897972,53.07583566809678,2001.0,6571.565217391304,3350.478260869565,7834.565217391304,477.60869565217394,2086.782608695652,539.4782608695652,805.8695652173913,2434.8695652173915,5410.173913043478,932.7826086956521,183.17391304347825,0.6086956521739131,1970-01-01
86,1,13.475852155897972,53.07583566809678,2002.0,7217.782608695652,3513.1304347826085,8434.434782608696,333.6521739130435,2037.9130434782608,281.0869565217391,702.6521739130435,2284.086956521739,5335.391304347826,3774.478260869565,184.6086956521739,0.6086956521739131,1970-01-01
87,2,13.475852155897972,53.07583566809678,2003.0,6148.869565217391,3197.2608695652175,3594.5652173913045,657.6086956521739,2237.3478260869565,634.5217391304348,857.8695652173913,2074.913043478261,5355.565217391304,6512.260869565217,169.30434782608697,1.173913043478261,1970-01-01
88,3,13.475852155897972,53.07583566809678,2004.0,6679.260869565217,3373.478260869565,5233.217391304348,487.04347826086956,2155.217391304348,481.0869565217391,728.1739130434783,2470.1739130434785,5419.086956521739,3891.782608695652,167.95652173913044,0.9130434782608695,1970-01-01
89,4,13.475852155897972,53.07583566809678,2005.0,6760.913043478261,3114.521739130435,4551.739130434783,462.82608695652175,2002.7826086956522,351.2173913043478,622.0869565217391,1374.1739130434783,5383.608695652174,386.04347826086956,184.56521739130434,0.5652173913043478,1970-01-01
90,0,13.47809794410827,53.07583566809678,2001.0,6445.04347826087,3164.9565217391305,7570.217391304348,495.4347826086956,2075.782608695652,454.17391304347825,643.0434782608696,2467.0,5445.0,-401.6521739130435,184.2173913043478,0.6956521739130435,1970-01-01
91,1,13.47809794410827,53.07583566809678,2002.0,6971.04347826087,3545.0434782608695,7054.304347826087,390.9130434782609,2119.4347826086955,295.0869565217391,623.5217391304348,2688.608695652174,5366.217391304348,3096.086956521739,185.0,0.782608695652174,1970-01-01
92,2,13.47809794410827,53.07583566809678,2003.0,6200.086956521739,3148.8260869565215,3983.521739130435,575.2608695652174,2149.086956521739,549.1739130434783,794.3478260869565,1810.4782608695652,5400.913043478261,3915.913043478261,169.0,1.0869565217391304,1970-01-01
93,3,13.47809794410827,53.07583566809678,2004.0,6669.739130434783,3349.304347826087,3452.0,472.17391304347825,2084.1304347826085,479.0869565217391,680.1739130434783,2483.217391304348,5395.391304347826,4601.086956521739,167.65217391304347,0.9130434782608695,1970-01-01
94,4,13.47809794410827,53.07583566809678,2005.0,7072.695652173913,3281.782608695652,5801.826086956522,361.2608695652174,1933.5217391304348,316.60869565217394,675.695652173913,1195.5652173913043,5372.434782608696,1552.0,185.47826086956522,0.5217391304347826,1970-01-01
95,0,13.48034373231857,53.07583566809678,2001.0,6669.95652173913,3138.6521739130435,7570.217391304348,497.4347826086956,2021.5652173913043,454.17391304347825,643.0434782608696,2467.0,5445.0,-401.6521739130435,184.2173913043478,0.6956521739130435,1970-01-01
96,1,13.48034373231857,53.07583566809678,2002.0,6940.217391304348,3516.6521739130435,7054.304347826087,374.0869565217391,2054.6521739130435,295.0869565217391,623.5217391304348,2688.608695652174,5366.217391304348,3096.086956521739,185.0,0.782608695652174,1970-01-01
97,2,13.48034373231857,53.07583566809678,2003.0,6417.260869565217,3234.1739130434785,3983.521739130435,590.304347826087,2195.0434782608695,549.1739130434783,794.3478260869565,1810.4782608695652,5400.913043478261,3915.913043478261,169.0,1.0869565217391304,1970-01-01
98,3,13.48034373231857,53.07583566809678,2004.0,6652.347826086957,3296.695652173913,3452.0,490.39130434782606,2103.8260869565215,479.0869565217391,680.1739130434783,2483.217391304348,5395.391304347826,4601.086956521739,167.65217391304347,0.9130434782608695,1970-01-01
99,4,13.48034373231857,53.07583566809678,2005.0,6993.782608695652,3225.217391304348,5801.826086956522,353.9130434782609,1899.391304347826,316.60869565217394,675.695652173913,1195.5652173913043,5372.434782608696,1552.0,185.47826086956522,0.5217391304347826,1970-01-01
100,0,13.482589520528869,53.07583566809678,2001.0,6669.95652173913,3138.6521739130435,7570.217391304348,497.4347826086956,2021.5652173913043,454.17391304347825,643.0434782608696,2467.0,5445.0,-401.6521739130435,184.2173913043478,0.6956521739130435,1970-01-01
101,1,13.482589520528869,53.07583566809678,2002.0,6940.217391304348,3516.6521739130435,7054.304347826087,374.0869565217391,2054.6521739130435,295.0869565217391,623.5217391304348,2688.608695652174,5366.217391304348,3096.086956521739,185.0,0.782608695652174,1970-01-01
102,2,13.482589520528869,53.07583566809678,2003.0,6417.260869565217,3234.1739130434785,3983.521739130435,590.304347826087,2195.0434782608695,549.1739130434783,794.3478260869565,1810.4782608695652,5400.913043478261,3915.913043478261,169.0,1.0869565217391304,1970-01-01
103,3,13.482589520528869,53.07583566809678,2004.0,6652.347826086957,3296.695652173913,3452.0,490.39130434782606,2103.8260869565215,479.0869565217391,680.1739130434783,2483.217391304348,5395.391304347826,4601.086956521739,167.65217391304347,0.9130434782608695,1970-01-01
104,4,13.482589520528869,53.07583566809678,2005.0,6993.782608695652,3225.217391304348,5801.826086956522,353.9130434782609,1899.391304347826,316.60869565217394,675.695652173913,1195.5652173913043,5372.434782608696,1552.0,185.47826086956522,0.5217391304347826,1970-01-01
105,0,13.484835308739168,53.07583566809678,2001.0,6599.782608695652,3079.608695652174,7302.913043478261,549.5217391304348,2094.2608695652175,443.8695652173913,694.1304347826087,2644.086956521739,5431.217391304348,-188.7391304347826,183.65217391304347,0.6956521739130435,1970-01-01
106,1,13.484835308739168,53.07583566809678,2002.0,7205.521739130435,3377.782608695652,6803.04347826087,328.6521739130435,1992.5652173913043,267.60869565217394,522.695652173913,2137.3478260869565,5325.304347826087,3762.1739130434785,184.17391304347825,0.6521739130434783,1970-01-01
107,2,13.484835308739168,53.07583566809678,2003.0,6520.565217391304,3301.7391304347825,6766.782608695652,553.8260869565217,2218.9565217391305,582.9565217391304,729.695652173913,1920.0869565217392,5396.826086956522,4265.173913043478,169.30434782608697,1.0869565217391304,1970-01-01
108,3,13.484835308739168,53.07583566809678,2004.0,6955.173913043478,3550.0,3285.2608695652175,428.0869565217391,2187.8695652173915,412.5652173913044,654.1739130434783,2362.608695652174,5434.913043478261,3496.695652173913,168.43478260869566,1.0,1970-01-01
109,4,13.484835308739168,53.07583566809678,2005.0,7092.478260869565,3204.913043478261,4367.652173913043,341.0,1914.5217391304348,279.69565217391306,536.8695652173913,1333.9130434782608,5369.478260869565,3062.3478260869565,185.3913043478261,0.4782608695652174,1970-01-01
110,0,13.462377426636179,53.07808145630708,2001.0,6673.434782608696,3131.695652173913,6868.304347826087,365.6521739130435,1918.2173913043478,302.39130434782606,536.9130434782609,2567.1739130434785,5410.652173913043,-734.9130434782609,184.2608695652174,0.6086956521739131,1970-01-01
111,1,13.462377426636179,53.07808145630708,2002.0,7148.913043478261,3199.913043478261,5108.217391304348,318.7391304347826,1880.3478260869565,265.4347826086956,490.4782608695652,2600.217391304348,5336.739130434783,4424.695652173913,184.95652173913044,0.7391304347826086,1970-01-01
112,2,13.462377426636179,53.07808145630708,2003.0,6199.695652173913,3126.1304347826085,4776.0,657.695652173913,2197.913043478261,703.7391304347826,748.6521739130435,1565.8695652173913,5390.260869565217,5093.913043478261,168.82608695652175,1.0434782608695652,1970-01-01
113,3,13.462377426636179,53.07808145630708,2004.0,6450.913043478261,3212.6521739130435,5990.652173913043,588.8695652173913,2201.8260869565215,434.17391304347825,635.5652173913044,2450.4347826086955,5422.652173913043,3779.304347826087,168.52173913043478,1.0,1970-01-01
114,4,13.462377426636179,53.07808145630708,2005.0,7200.0,3248.478260869565,5322.347826086957,331.7391304347826,1901.2173913043478,375.5652173913044,514.9565217391304,1532.8260869565217,5389.173913043478,2393.8260869565215,184.0,0.5652173913043478,1970-01-01
115,0,13.464623214846478,53.07808145630708,2001.0,6461.217391304348,3420.782608695652,6504.0,473.04347826086956,2283.8260869565215,326.95652173913044,607.4347826086956,2537.521739130435,5413.652173913043,-257.82608695652175,184.43478260869566,0.6521739130434783,1970-01-01
116,1,13.464623214846478,53.07808145630708,2002.0,6860.95652173913,3463.0,7340.565217391304,422.6521739130435,2234.478260869565,240.30434782608697,579.5652173913044,2363.1739130434785,5324.608695652174,4564.739130434783,184.65217391304347,0.7391304347826086,1970-01-01
117,2,13.464623214846478,53.07808145630708,2003.0,5630.739130434783,3063.521739130435,3975.478260869565,1039.6521739130435,2607.6521739130435,800.304347826087,816.2608695652174,2133.695652173913,5380.0,4401.04347826087,169.6086956521739,1.2608695652173914,1970-01-01
118,3,13.464623214846478,53.07808145630708,2004.0,6424.608695652174,3545.608695652174,5506.260869565217,529.1739130434783,2349.5652173913045,389.95652173913044,657.4347826086956,2558.695652173913,5410.391304347826,3830.9565217391305,168.17391304347825,0.9130434782608695,1970-01-01
119,4,13.464623214846478,53.07808145630708,2005.0,6512.217391304348,3364.1304347826085,4804.739130434783,530.5217391304348,2315.6521739130435,340.17391304347825,663.695652173913,1566.1304347826087,5397.565217391304,837.1304347826087,184.04347826086956,0.4782608695652174,1970-01-01
120,0,13.466869003056777,53.07808145630708,2001.0,5909.391304347826,3562.217391304348,6504.0,697.2608695652174,2811.8695652173915,326.95652173913044,607.4347826086956,2537.521739130435,5413.652173913043,-257.82608695652175,184.43478260869566,0.6521739130434783,1970-01-01
121,1,13.466869003056777,53.07808145630708,2002.0,6298.782608695652,3419.2608695652175,7340.565217391304,541.2608695652174,2461.8260869565215,240.30434782608697,579.5652173913044,2363.1739130434785,5324.608695652174,4564.739130434783,184.65217391304347,0.7391304347826086,1970-01-01
122,2,13.466869003056777,53.07808145630708,2003.0,4957.521739130435,2871.782608695652,3975.478260869565,1246.695652173913,2885.304347826087,800.304347826087,816.2608695652174,2133.695652173913,5380.0,4401.04347826087,169.6086956521739,1.2608695652173914,1970-01-01
123,3,13.466869003056777,53.07808145630708,2004.0,5738.478260869565,3293.391304347826,5506.260869565217,795.7391304347826,2609.782608695652,389.95652173913044,657.4347826086956,2558.695652173913,5410.391304347826,3830.9565217391305,168.17391304347825,0.9130434782608695,1970-01-01
124,4,13.466869003056777,53.07808145630708,2005.0,5974.260869565217,3158.9565217391305,4804.739130434783,744.2173913043479,2505.8695652173915,340.17391304347825,663.695652173913,1566.1304347826087,5397.565217391304,837.1304347826087,184.04347826086956,0.4782608695652174,1970-01-01
125,0,13.469114791267076,53.07808145630708,2001.0,5909.391304347826,3562.217391304348,6504.0,697.2608695652174,2811.8695652173915,326.95652173913044,607.4347826086956,2537.521739130435,5413.652173913043,-257.82608695652175,184.43478260869566,0.6521739130434783,1970-01-01
126,1,13.469114791267076,53.07808145630708,2002.0,6298.782608695652,3419.2608695652175,7340.565217391304,541.2608695652174,2461.8260869565215,240.30434782608697,579.5652173913044,2363.1739130434785,5324.608695652174,4564.739130434783,184.65217391304347,0.7391304347826086,1970-01-01
127,2,13.469114791267076,53.07808145630708,2003.0,4957.521739130435,2871.782608695652,3975.478260869565,1246.695652173913,2885.304347826087,800.304347826087,816.2608695652174,2133.695652173913,5380.0,4401.04347826087,169.6086956521739,1.2608695652173914,1970-01-01
128,3,13.469114791267076,53.07808145630708,2004.0,5738.478260869565,3293.391304347826,5506.260869565217,795.7391304347826,2609.782608695652,389.95652173913044,657.4347826086956,2558.695652173913,5410.391304347826,3830.9565217391305,168.17391304347825,0.9130434782608695,1970-01-01
129,4,13.469114791267076,53.07808145630708,2005.0,5974.260869565217,3158.9565217391305,4804.739130434783,744.2173913043479,2505.8695652173915,340.17391304347825,663.695652173913,1566.1304347826087,5397.565217391304,837.1304347826087,184.04347826086956,0.4782608695652174,1970-01-01
130,0,13.471360579477375,53.07808145630708,2001.0,5643.695652173913,3366.2608695652175,7834.565217391304,841.4347826086956,2787.478260869565,539.4782608695652,805.8695652173913,2434.8695652173915,5410.173913043478,932.7826086956521,183.17391304347825,0.6086956521739131,1970-01-01
131,1,13.471360579477375,53.07808145630708,2002.0,5957.304347826087,3247.7391304347825,8434.434782608696,589.0,2412.304347826087,281.0869565217391,702.6521739130435,2284.086956521739,5335.391304347826,3774.478260869565,184.6086956521739,0.6086956521739131,1970-01-01
132,2,13.471360579477375,53.07808145630708,2003.0,4916.521739130435,2685.217391304348,3594.5652173913045,1303.5652173913043,2855.0434782608695,634.5217391304348,857.8695652173913,2074.913043478261,5355.565217391304,6512.260869565217,169.30434782608697,1.173913043478261,1970-01-01
133,3,13.471360579477375,53.07808145630708,2004.0,5566.260869565217,3111.391304347826,5233.217391304348,835.3478260869565,2608.2608695652175,481.0869565217391,728.1739130434783,2470.1739130434785,5419.086956521739,3891.782608695652,167.95652173913044,0.9130434782608695,1970-01-01
134,4,13.471360579477375,53.07808145630708,2005.0,5637.173913043478,2874.391304347826,4551.739130434783,697.1739130434783,2344.8260869565215,351.2173913043478,622.0869565217391,1374.1739130434783,5383.608695652174,386.04347826086956,184.56521739130434,0.5652173913043478,1970-01-01
135,0,13.473606367687674,53.07808145630708,2001.0,5983.869565217391,3586.391304347826,7834.565217391304,707.3913043478261,2704.304347826087,539.4782608695652,805.8695652173913,2434.8695652173915,5410.173913043478,932.7826086956521,183.17391304347825,0.6086956521739131,1970-01-01
136,1,13.473606367687674,53.07808145630708,2002.0,6099.434782608696,3257.478260869565,8434.434782608696,545.304347826087,2345.913043478261,281.0869565217391,702.6521739130435,2284.086956521739,5335.391304347826,3774.478260869565,184.6086956521739,0.6086956521739131,1970-01-01
137,2,13.473606367687674,53.07808145630708,2003.0,5039.521739130435,2845.8695652173915,3594.5652173913045,1320.4347826086957,2948.1739130434785,634.5217391304348,857.8695652173913,2074.913043478261,5355.565217391304,6512.260869565217,169.30434782608697,1.173913043478261,1970-01-01
138,3,13.473606367687674,53.07808145630708,2004.0,5843.869565217391,3328.8260869565215,5233.217391304348,687.6086956521739,2566.3478260869565,481.0869565217391,728.1739130434783,2470.1739130434785,5419.086956521739,3891.782608695652,167.95652173913044,0.9130434782608695,1970-01-01
139,4,13.473606367687674,53.07808145630708,2005.0,5911.130434782609,3179.1304347826085,4551.739130434783,689.5217391304348,2518.391304347826,351.2173913043478,622.0869565217391,1374.1739130434783,5383.608695652174,386.04347826086956,184.56521739130434,0.5652173913043478,1970-01-01
140,0,13.475852155897972,53.07808145630708,2001.0,5983.869565217391,3586.391304347826,7834.565217391304,707.3913043478261,2704.304347826087,539.4782608695652,805.8695652173913,2434.8695652173915,5410.173913043478,932.7826086956521,183.17391304347825,0.6086956521739131,1970-01-01
141,1,13.475852155897972,53.07808145630708,2002.0,6099.434782608696,3257.478260869565,8434.434782608696,545.304347826087,2345.913043478261,281.0869565217391,702.6521739130435,2284.086956521739,5335.391304347826,3774.478260869565,184.6086956521739,0.6086956521739131,1970-01-01
142,2,13.475852155897972,53.07808145630708,2003.0,5039.521739130435,2845.8695652173915,3594.5652173913045,1320.4347826086957,2948.1739130434785,634.5217391304348,857.8695652173913,2074.913043478261,5355.565217391304,6512.260869565217,169.30434782608697,1.173913043478261,1970-01-01
143,3,13.475852155897972,53.07808145630708,2004.0,5843.869565217391,3328.8260869565215,5233.217391304348,687.6086956521739,2566.3478260869565,481.0869565217391,728.1739130434783,2470.1739130434785,5419.086956521739,3891.782608695652,167.95652173913044,0.9130434782608695,1970-01-01
144,4,13.475852155897972,53.07808145630708,2005.0,5911.130434782609,3179.1304347826085,4551.739130434783,689.5217391304348,2518.391304347826,351.2173913043478,622.0869565217391,1374.1739130434783,5383.608695652174,386.04347826086956,184.56521739130434,0.5652173913043478,1970-01-01
145,0,13.47809794410827,53.07808145630708,2001.0,6137.0,3403.2608695652175,7570.217391304348,675.3478260869565,2551.4347826086955,454.17391304347825,643.0434782608696,2467.0,5445.0,-401.6521739130435,184.2173913043478,0.6956521739130435,1970-01-01
146,1,13.47809794410827,53.07808145630708,2002.0,6044.782608695652,3313.8695652173915,7054.304347826087,554.1304347826087,2337.1739130434785,295.0869565217391,623.5217391304348,2688.608695652174,5366.217391304348,3096.086956521739,185.0,0.782608695652174,1970-01-01
147,2,13.47809794410827,53.07808145630708,2003.0,5406.95652173913,3029.9565217391305,3983.521739130435,1002.0434782608696,2683.782608695652,549.1739130434783,794.3478260869565,1810.4782608695652,5400.913043478261,3915.913043478261,169.0,1.0869565217391304,1970-01-01
148,3,13.47809794410827,53.07808145630708,2004.0,6096.913043478261,3384.782608695652,3452.0,601.2608695652174,2400.391304347826,479.0869565217391,680.1739130434783,2483.217391304348,5395.391304347826,4601.086956521739,167.65217391304347,0.9130434782608695,1970-01-01
149,4,13.47809794410827,53.07808145630708,2005.0,6169.95652173913,3286.1739130434785,5801.826086956522,719.695652173913,2501.695652173913,316.60869565217394,675.695652173913,1195.5652173913043,5372.434782608696,1552.0,185.47826086956522,0.5217391304347826,1970-01-01
150,0,13.48034373231857,53.07808145630708,2001.0,6447.086956521739,3285.3478260869565,7570.217391304348,561.3478260869565,2277.304347826087,454.17391304347825,643.0434782608696,2467.0,5445.0,-401.6521739130435,184.2173913043478,0.6956521739130435,1970-01-01
151,1,13.48034373231857,53.07808145630708,2002.0,6727.347826086957,3364.2608695652175,7054.304347826087,443.82608695652175,2135.1304347826085,295.0869565217391,623.5217391304348,2688.608695652174,5366.217391304348,3096.086956521739,185.0,0.782608695652174,1970-01-01
152,2,13.48034373231857,53.07808145630708,2003.0,5758.130434782609,2923.1739130434785,3983.521739130435,832.1304347826087,2328.391304347826,549.1739130434783,794.3478260869565,1810.4782608695652,5400.913043478261,3915.913043478261,169.0,1.0869565217391304,1970-01-01
153,3,13.48034373231857,53.07808145630708,2004.0,6205.782608695652,3095.086956521739,3452.0,529.304347826087,2087.0,479.0869565217391,680.1739130434783,2483.217391304348,5395.391304347826,4601.086956521739,167.65217391304347,0.9130434782608695,1970-01-01
154,4,13.48034373231857,53.07808145630708,2005.0,6833.217391304348,3242.5652173913045,5801.826086956522,408.5217391304348,2005.2173913043478,316.60869565217394,675.695652173913,1195.5652173913043,5372.434782608696,1552.0,185.47826086956522,0.5217391304347826,1970-01-01
155,0,13.482589520528869,53.07808145630708,2001.0,6447.086956521739,3285.3478260869565,7570.217391304348,561.3478260869565,2277.304347826087,454.17391304347825,643.0434782608696,2467.0,5445.0,-401.6521739130435,184.2173913043478,0.6956521739130435,1970-01-01
156,1,13.482589520528869,53.07808145630708,2002.0,6727.347826086957,3364.2608695652175,7054.304347826087,443.82608695652175,2135.1304347826085,295.0869565217391,623.5217391304348,2688.608695652174,5366.217391304348,3096.086956521739,185.0,0.782608695652174,1970-01-01
157,2,13.482589520528869,53.07808145630708,2003.0,5758.130434782609,2923.1739130434785,3983.521739130435,832.1304347826087,2328.391304347826,549.1739130434783,794.3478260869565,1810.4782608695652,5400.913043478261,3915.913043478261,169.0,1.0869565217391304,1970-01-01
158,3,13.482589520528869,53.07808145630708,2004.0,6205.782608695652,3095.086956521739,3452.0,529.304347826087,2087.0,479.0869565217391,680.1739130434783,2483.217391304348,5395.391304347826,4601.086956521739,167.65217391304347,0.9130434782608695,1970-01-01
159,4,13.482589520528869,53.07808145630708,2005.0,6833.217391304348,3242.5652173913045,5801.826086956522,408.5217391304348,2005.2173913043478,316.60869565217394,675.695652173913,1195.5652173913043,5372.434782608696,1552.0,185.47826086956522,0.5217391304347826,1970-01-01
160,0,13.484835308739168,53.07808145630708,2001.0,6436.739130434783,3083.5652173913045,7302.913043478261,608.8695652173913,2197.0,443.8695652173913,694.1304347826087,2644.086956521739,5431.217391304348,-188.7391304347826,183.65217391304347,0.6956521739130435,1970-01-01
161,1,13.484835308739168,53.07808145630708,2002.0,7044.478260869565,3408.478260869565,6803.04347826087,358.69565217391306,2069.782608695652,267.60869565217394,522.695652173913,2137.3478260869565,5325.304347826087,3762.1739130434785,184.17391304347825,0.6521739130434783,1970-01-01
162,2,13.484835308739168,53.07808145630708,2003.0,6249.0,3214.695652173913,6766.782608695652,646.304347826087,2293.304347826087,582.9565217391304,729.695652173913,1920.0869565217392,5396.826086956522,4265.173913043478,169.30434782608697,1.0869565217391304,1970-01-01
163,3,13.484835308739168,53.07808145630708,2004.0,6613.304347826087,3373.478260869565,3285.2608695652175,479.4782608695652,2190.217391304348,412.5652173913044,654.1739130434783,2362.608695652174,5434.913043478261,3496.695652173913,168.43478260869566,1.0,1970-01-01
164,4,13.484835308739168,53.07808145630708,2005.0,6967.217391304348,3220.6521739130435,4367.652173913043,388.95652173913044,1995.6521739130435,279.69565217391306,536.8695652173913,1333.9130434782608,5369.478260869565,3062.3478260869565,185.3913043478261,0.4782608695652174,1970-01-01
165,0,13.462377426636179,53.08032724451738,2001.0,5990.173913043478,2982.0434782608695,8546.95652173913,526.4347826086956,1993.4347826086957,480.5217391304348,801.1304347826087,2512.695652173913,5419.782608695652,464.69565217391306,184.3913043478261,0.6956521739130435,1970-01-01
166,1,13.462377426636179,53.08032724451738,2002.0,6986.434782608696,3383.0,5659.913043478261,394.30434782608694,2055.9565217391305,372.7826086956522,703.3913043478261,2417.304347826087,5322.95652173913,5114.869565217391,185.08695652173913,0.8260869565217391,1970-01-01
167,2,13.462377426636179,53.08032724451738,2003.0,5714.04347826087,3003.8695652173915,4824.217391304348,890.4347826086956,2432.0,926.8695652173913,1133.6521739130435,2089.1304347826085,5402.565217391304,4359.95652173913,168.82608695652175,1.0869565217391304,1970-01-01
168,3,13.462377426636179,53.08032724451738,2004.0,5931.086956521739,3145.086956521739,5856.869565217391,875.7826086956521,2487.2608695652175,680.9130434782609,997.6086956521739,2587.9565217391305,5421.304347826087,3474.521739130435,169.0,0.9130434782608695,1970-01-01
169,4,13.462377426636179,53.08032724451738,2005.0,6621.695652173913,3039.2608695652175,4963.0,446.69565217391306,1894.2608695652175,477.8695652173913,796.2608695652174,1376.8695652173913,5384.521739130435,2374.7391304347825,184.1304347826087,0.5217391304347826,1970-01-01
170,0,13.464623214846478,53.08032724451738,2001.0,5848.173913043478,3170.4347826086955,7937.739130434783,668.7826086956521,2340.8260869565215,489.60869565217394,953.2173913043479,2315.6521739130435,5416.913043478261,-371.60869565217394,184.04347826086956,0.6521739130434783,1970-01-01
171,1,13.464623214846478,53.08032724451738,2002.0,6765.739130434783,3681.913043478261,7400.086956521739,467.17391304347825,2340.2608695652175,339.17391304347825,892.1739130434783,2447.0,5334.869565217391,3654.304347826087,184.69565217391303,0.7391304347826086,1970-01-01
172,2,13.464623214846478,53.08032724451738,2003.0,5594.434782608696,3224.6521739130435,7354.826086956522,995.4782608695652,2635.7391304347825,1087.3478260869565,1380.2173913043478,1884.7391304347825,5389.478260869565,4948.652173913043,169.43478260869566,1.0434782608695652,1970-01-01
173,3,13.464623214846478,53.08032724451738,2004.0,6099.652173913043,3369.304347826087,3997.608695652174,641.695652173913,2367.1739130434785,629.6521739130435,1001.1304347826087,2383.1304347826085,5425.826086956522,3489.9565217391305,168.1304347826087,1.0,1970-01-01
174,4,13.464623214846478,53.08032724451738,2005.0,6363.130434782609,3355.695652173913,4712.695652173913,503.04347826086956,2156.0434782608695,562.2173913043479,1097.8260869565217,1514.8695652173913,5393.086956521739,785.695652173913,184.34782608695653,0.43478260869565216,1970-01-01
175,0,13.466869003056777,53.08032724451738,2001.0,5848.173913043478,3170.4347826086955,7937.739130434783,668.7826086956521,2340.8260869565215,489.60869565217394,953.2173913043479,2315.6521739130435,5416.913043478261,-371.60869565217394,184.04347826086956,0.6521739130434783,1970-01-01
176,1,13.466869003056777,53.08032724451738,2002.0,6765.739130434783,3681.913043478261,7400.086956521739,467.17391304347825,2340.2608695652175,339.17391304347825,892.1739130434783,2447.0,5334.869565217391,3654.304347826087,184.69565217391303,0.7391304347826086,1970-01-01
177,2,13.466869003056777,53.08032724451738,2003.0,5594.434782608696,3224.6521739130435,7354.826086956522,995.4782608695652,2635.7391304347825,1087.3478260869565,1380.2173913043478,1884.7391304347825,5389.478260869565,4948.652173913043,169.43478260869566,1.0434782608695652,1970-01-01
178,3,13.466869003056777,53.08032724451738,2004.0,6099.652173913043,3369.304347826087,3997.608695652174,641.695652173913,2367.1739130434785,629.6521739130435,1001.1304347826087,2383.1304347826085,5425.826086956522,3489.9565217391305,168.1304347826087,1.0,1970-01-01
179,4,13.466869003056777,53.08032724451738,2005.0,6363.130434782609,3355.695652173913,4712.695652173913,503.04347826086956,2156.0434782608695,562.2173913043479,1097.8260869565217,1514.8695652173913,5393.086956521739,785.695652173913,184.34782608695653,0.43478260869565216,1970-01-01
180,0,13.469114791267076,53.08032724451738,2001.0,5421.04347826087,3306.478260869565,7937.739130434783,824.9565217391304,2742.8260869565215,489.60869565217394,953.2173913043479,2315.6521739130435,5416.913043478261,-371.60869565217394,184.04347826086956,0.6521739130434783,1970-01-01
181,1,13.469114791267076,53.08032724451738,2002.0,6049.95652173913,3402.913043478261,7400.086956521739,595.304347826087,2464.086956521739,339.17391304347825,892.1739130434783,2447.0,5334.869565217391,3654.304347826087,184.69565217391303,0.7391304347826086,1970-01-01
182,2,13.469114791267076,53.08032724451738,2003.0,4851.130434782609,2978.695652173913,7354.826086956522,1330.304347826087,2988.7391304347825,1087.3478260869565,1380.2173913043478,1884.7391304347825,5389.478260869565,4948.652173913043,169.43478260869566,1.0434782608695652,1970-01-01
183,3,13.469114791267076,53.08032724451738,2004.0,5325.304347826087,3109.478260869565,3997.608695652174,900.7391304347826,2612.478260869565,629.6521739130435,1001.1304347826087,2383.1304347826085,5425.826086956522,3489.9565217391305,168.1304347826087,1.0,1970-01-01
184,4,13.469114791267076,53.08032724451738,2005.0,5412.130434782609,3044.217391304348,4712.695652173913,842.5652173913044,2513.2608695652175,562.2173913043479,1097.8260869565217,1514.8695652173913,5393.086956521739,785.695652173913,184.34782608695653,0.43478260869565216,1970-01-01
185,0,13.471360579477375,53.08032724451738,2001.0,5563.565217391304,3725.391304347826,7670.608695652174,970.9565217391304,3209.695652173913,563.7391304347826,919.2608695652174,2314.695652173913,5416.782608695652,-404.1304347826087,184.04347826086956,0.6521739130434783,1970-01-01
186,1,13.471360579477375,53.08032724451738,2002.0,5492.695652173913,3213.1739130434785,5734.478260869565,700.304347826087,2514.1304347826085,391.82608695652175,1006.3478260869565,2402.7391304347825,5341.347826086957,3707.478260869565,184.7826086956522,0.6086956521739131,1970-01-01
187,2,13.471360579477375,53.08032724451738,2003.0,4444.826086956522,2786.391304347826,5694.913043478261,1509.0434782608695,3126.217391304348,1090.3478260869565,1304.5217391304348,2060.4347826086955,5413.608695652174,4100.304347826087,168.95652173913044,1.0434782608695652,1970-01-01
188,3,13.471360579477375,53.08032724451738,2004.0,5374.565217391304,3282.521739130435,3463.3478260869565,937.6521739130435,2750.0434782608695,597.4347826086956,1013.304347826087,2247.6521739130435,5414.173913043478,4350.217391304348,168.30434782608697,1.0,1970-01-01
189,4,13.471360579477375,53.08032724451738,2005.0,4888.782608695652,2860.2608695652175,4534.434782608696,994.0869565217391,2631.913043478261,638.6086956521739,1144.0434782608695,1409.5652173913043,5392.826086956522,783.0434782608696,184.17391304347825,0.43478260869565216,1970-01-01
190,0,13.473606367687674,53.08032724451738,2001.0,5563.565217391304,3725.391304347826,7670.608695652174,970.9565217391304,3209.695652173913,563.7391304347826,919.2608695652174,2314.695652173913,5416.782608695652,-404.1304347826087,184.04347826086956,0.6521739130434783,1970-01-01
191,1,13.473606367687674,53.08032724451738,2002.0,5492.695652173913,3213.1739130434785,5734.478260869565,700.304347826087,2514.1304347826085,391.82608695652175,1006.3478260869565,2402.7391304347825,5341.347826086957,3707.478260869565,184.7826086956522,0.6086956521739131,1970-01-01
192,2,13.473606367687674,53.08032724451738,2003.0,4444.826086956522,2786.391304347826,5694.913043478261,1509.0434782608695,3126.217391304348,1090.3478260869565,1304.5217391304348,2060.4347826086955,5413.608695652174,4100.304347826087,168.95652173913044,1.0434782608695652,1970-01-01
193,3,13.473606367687674,53.08032724451738,2004.0,5374.565217391304,3282.521739130435,3463.3478260869565,937.6521739130435,2750.0434782608695,597.4347826086956,1013.304347826087,2247.6521739130435,5414.173913043478,4350.217391304348,168.30434782608697,1.0,1970-01-01
194,4,13.473606367687674,53.08032724451738,2005.0,4888.782608695652,2860.2608695652175,4534.434782608696,994.0869565217391,2631.913043478261,638.6086956521739,1144.0434782608695,1409.5652173913043,5392.826086956522,783.0434782608696,184.17391304347825,0.43478260869565216,1970-01-01
195,0,13.475852155897972,53.08032724451738,2001.0,5867.086956521739,4104.695652173913,7670.608695652174,934.0,3389.4347826086955,563.7391304347826,919.2608695652174,2314.695652173913,5416.782608695652,-404.1304347826087,184.04347826086956,0.6521739130434783,1970-01-01
196,1,13.475852155897972,53.08032724451738,2002.0,5429.130434782609,3268.0434782608695,5734.478260869565,773.1739130434783,2705.1739130434785,391.82608695652175,1006.3478260869565,2402.7391304347825,5341.347826086957,3707.478260869565,184.7826086956522,0.6086956521739131,1970-01-01
197,2,13.475852155897972,53.08032724451738,2003.0,4280.478260869565,2719.478260869565,5694.913043478261,1598.3478260869565,3217.913043478261,1090.3478260869565,1304.5217391304348,2060.4347826086955,5413.608695652174,4100.304347826087,168.95652173913044,1.0434782608695652,1970-01-01
198,3,13.475852155897972,53.08032724451738,2004.0,5374.652173913043,3395.7391304347825,3463.3478260869565,934.0434782608696,2848.5652173913045,597.4347826086956,1013.304347826087,2247.6521739130435,5414.173913043478,4350.217391304348,168.30434782608697,1.0,1970-01-01
199,4,13.475852155897972,53.08032724451738,2005.0,4841.130434782609,2812.391304347826,4534.434782608696,1038.1739130434783,2672.5652173913045,638.6086956521739,1144.0434782608695,1409.5652173913043,5392.826086956522,783.0434782608696,184.17391304347825,0.43478260869565216,1970-01-01
200,0,13.47809794410827,53.08032724451738,2001.0,6151.217391304348,4095.478260869565,7567.478260869565,808.2173913043479,3218.608695652174,583.2173913043479,843.304347826087,2301.782608695652,5440.130434782609,287.1304347826087,184.2173913043478,0.6956521739130435,1970-01-01
201,1,13.47809794410827,53.08032724451738,2002.0,5480.521739130435,3262.217391304348,9188.565217391304,683.3478260869565,2541.5652173913045,382.30434782608694,764.9130434782609,2537.304347826087,5342.217391304348,4500.95652173913,184.7391304347826,0.7391304347826086,1970-01-01
202,2,13.47809794410827,53.08032724451738,2003.0,4255.695652173913,2479.304347826087,4011.478260869565,1418.9130434782608,2858.4347826086955,902.695652173913,1095.1304347826087,2032.608695652174,5368.304347826087,5630.608695652174,169.8695652173913,1.0,1970-01-01
203,3,13.47809794410827,53.08032724451738,2004.0,5373.304347826087,3536.1739130434785,3686.521739130435,946.7391304347826,3004.0,614.0869565217391,931.6521739130435,2423.5652173913045,5422.869565217391,3065.8695652173915,168.3913043478261,1.0869565217391304,1970-01-01
204,4,13.47809794410827,53.08032724451738,2005.0,5035.304347826087,2782.6521739130435,4275.608695652174,947.5652173913044,2559.782608695652,489.3478260869565,933.5652173913044,1408.9565217391305,5379.869565217391,1965.6521739130435,184.7826086956522,0.4782608695652174,1970-01-01
205,0,13.48034373231857,53.08032724451738,2001.0,6151.217391304348,4095.478260869565,7567.478260869565,808.2173913043479,3218.608695652174,583.2173913043479,843.304347826087,2301.782608695652,5440.130434782609,287.1304347826087,184.2173913043478,0.6956521739130435,1970-01-01
206,1,13.48034373231857,53.08032724451738,2002.0,5480.521739130435,3262.217391304348,9188.565217391304,683.3478260869565,2541.5652173913045,382.30434782608694,764.9130434782609,2537.304347826087,5342.217391304348,4500.95652173913,184.7391304347826,0.7391304347826086,1970-01-01
207,2,13.48034373231857,53.08032724451738,2003.0,4255.695652173913,2479.304347826087,4011.478260869565,1418.9130434782608,2858.4347826086955,902.695652173913,1095.1304347826087,2032.608695652174,5368.304347826087,5630.608695652174,169.8695652173913,1.0,1970-01-01
208,3,13.48034373231857,53.08032724451738,2004.0,5373.304347826087,3536.1739130434785,3686.521739130435,946.7391304347826,3004.0,614.0869565217391,931.6521739130435,2423.5652173913045,5422.869565217391,3065.8695652173915,168.3913043478261,1.0869565217391304,1970-01-01
209,4,13.48034373231857,53.08032724451738,2005.0,5035.304347826087,2782.6521739130435,4275.608695652174,947.5652173913044,2559.782608695652,489.3478260869565,933.5652173913044,1408.9565217391305,5379.869565217391,1965.6521739130435,184.7826086956522,0.4782608695652174,1970-01-01
210,0,13.482589520528869,53.08032724451738,2001.0,6283.695652173913,3609.217391304348,7567.478260869565,637.9130434782609,2556.8260869565215,583.2173913043479,843.304347826087,2301.782608695652,5440.130434782609,287.1304347826087,184.2173913043478,0.6956521739130435,1970-01-01
211,1,13.482589520528869,53.08032724451738,2002.0,6272.086956521739,3302.913043478261,9188.565217391304,470.04347826086956,2139.521739130435,382.30434782608694,764.9130434782609,2537.304347826087,5342.217391304348,4500.95652173913,184.7391304347826,0.7391304347826086,1970-01-01
212,2,13.482589520528869,53.08032724451738,2003.0,5134.913043478261,2801.6521739130435,4011.478260869565,1004.2608695652174,2425.782608695652,902.695652173913,1095.1304347826087,2032.608695652174,5368.304347826087,5630.608695652174,169.8695652173913,1.0,1970-01-01
213,3,13.482589520528869,53.08032724451738,2004.0,5733.0,3262.913043478261,3686.521739130435,885.3913043478261,2617.0,614.0869565217391,931.6521739130435,2423.5652173913045,5422.869565217391,3065.8695652173915,168.3913043478261,1.0869565217391304,1970-01-01
214,4,13.482589520528869,53.08032724451738,2005.0,6158.391304347826,3147.521739130435,4275.608695652174,577.8260869565217,2156.608695652174,489.3478260869565,933.5652173913044,1408.9565217391305,5379.869565217391,1965.6521739130435,184.7826086956522,0.4782608695652174,1970-01-01
215,0,13.484835308739168,53.08032724451738,2001.0,6347.782608695652,3332.608695652174,7612.521739130435,610.3478260869565,2318.391304347826,469.0869565217391,754.8695652173913,2489.3478260869565,5439.434782608696,-1730.7391304347825,183.34782608695653,0.7391304347826086,1970-01-01
216,1,13.484835308739168,53.08032724451738,2002.0,6954.739130434783,3680.0434782608695,6753.304347826087,385.8695652173913,2235.695652173913,344.30434782608694,774.2608695652174,2190.695652173913,5325.782608695652,3735.0434782608695,184.91304347826087,0.6521739130434783,1970-01-01
217,2,13.484835308739168,53.08032724451738,2003.0,5896.608695652174,3128.1739130434785,5352.217391304348,706.7391304347826,2299.521739130435,783.4782608695652,984.8260869565217,1789.0,5375.04347826087,5541.913043478261,169.56521739130434,0.9130434782608695,1970-01-01
218,3,13.484835308739168,53.08032724451738,2004.0,6337.217391304348,3493.521739130435,3508.608695652174,612.695652173913,2447.217391304348,554.8260869565217,848.8260869565217,2441.304347826087,5440.913043478261,3447.8260869565215,168.47826086956522,1.1304347826086956,1970-01-01
219,4,13.484835308739168,53.08032724451738,2005.0,6798.869565217391,3512.8695652173915,3551.8260869565215,421.39130434782606,2151.913043478261,452.3478260869565,835.2173913043479,1224.7826086956522,5357.521739130435,2708.782608695652,185.6086956521739,0.4782608695652174,1970-01-01
220,0,13.462377426636179,53.08257303272768,2001.0,4954.478260869565,2671.521739130435,8546.95652173913,812.2608695652174,2293.391304347826,480.5217391304348,801.1304347826087,2512.695652173913,5419.782608695652,464.69565217391306,184.3913043478261,0.6956521739130435,1970-01-01
221,1,13.462377426636179,53.08257303272768,2002.0,5976.521739130435,3319.4347826086955,5659.913043478261,618.2608695652174,2494.086956521739,372.7826086956522,703.3913043478261,2417.304347826087,5322.95652173913,5114.869565217391,185.08695652173913,0.8260869565217391,1970-01-01
222,2,13.462377426636179,53.08257303272768,2003.0,5175.565217391304,3020.5652173913045,4824.217391304348,1169.2173913043478,2881.5652173913045,926.8695652173913,1133.6521739130435,2089.1304347826085,5402.565217391304,4359.95652173913,168.82608695652175,1.0869565217391304,1970-01-01
223,3,13.462377426636179,53.08257303272768,2004.0,5449.565217391304,3257.086956521739,5856.869565217391,1072.6521739130435,2899.7391304347825,680.9130434782609,997.6086956521739,2587.9565217391305,5421.304347826087,3474.521739130435,169.0,0.9130434782608695,1970-01-01
224,4,13.462377426636179,53.08257303272768,2005.0,6074.95652173913,3422.695652173913,4963.0,671.3478260869565,2576.7391304347825,477.8695652173913,796.2608695652174,1376.8695652173913,5384.521739130435,2374.7391304347825,184.1304347826087,0.5217391304347826,1970-01-01
225,0,13.464623214846478,53.08257303272768,2001.0,5060.739130434783,2869.9565217391305,7937.739130434783,842.2173913043479,2505.4347826086955,489.60869565217394,953.2173913043479,2315.6521739130435,5416.913043478261,-371.60869565217394,184.04347826086956,0.6521739130434783,1970-01-01
226,1,13.464623214846478,53.08257303272768,2002.0,5884.086956521739,3308.2608695652175,7400.086956521739,688.4347826086956,2578.521739130435,339.17391304347825,892.1739130434783,2447.0,5334.869565217391,3654.304347826087,184.69565217391303,0.7391304347826086,1970-01-01
227,2,13.464623214846478,53.08257303272768,2003.0,4625.130434782609,2808.695652173913,7354.826086956522,1320.0434782608695,2955.1304347826085,1087.3478260869565,1380.2173913043478,1884.7391304347825,5389.478260869565,4948.652173913043,169.43478260869566,1.0434782608695652,1970-01-01
228,3,13.464623214846478,53.08257303272768,2004.0,5486.782608695652,3313.521739130435,3997.608695652174,928.0869565217391,2762.608695652174,629.6521739130435,1001.1304347826087,2383.1304347826085,5425.826086956522,3489.9565217391305,168.1304347826087,1.0,1970-01-01
229,4,13.464623214846478,53.08257303272768,2005.0,5197.782608695652,2859.086956521739,4712.695652173913,887.4782608695652,2508.1739130434785,562.2173913043479,1097.8260869565217,1514.8695652173913,5393.086956521739,785.695652173913,184.34782608695653,0.43478260869565216,1970-01-01
230,0,13.466869003056777,53.08257303272768,2001.0,5060.739130434783,2869.9565217391305,7937.739130434783,842.2173913043479,2505.4347826086955,489.60869565217394,953.2173913043479,2315.6521739130435,5416.913043478261,-371.60869565217394,184.04347826086956,0.6521739130434783,1970-01-01
231,1,13.466869003056777,53.08257303272768,2002.0,5884.086956521739,3308.2608695652175,7400.086956521739,688.4347826086956,2578.521739130435,339.17391304347825,892.1739130434783,2447.0,5334.869565217391,3654.304347826087,184.69565217391303,0.7391304347826086,1970-01-01
232,2,13.466869003056777,53.08257303272768,2003.0,4625.130434782609,2808.695652173913,7354.826086956522,1320.0434782608695,2955.1304347826085,1087.3478260869565,1380.2173913043478,1884.7391304347825,5389.478260869565,4948.652173913043,169.43478260869566,1.0434782608695652,1970-01-01
233,3,13.466869003056777,53.08257303272768,2004.0,5486.782608695652,3313.521739130435,3997.608695652174,928.0869565217391,2762.608695652174,629.6521739130435,1001.1304347826087,2383.1304347826085,5425.826086956522,3489.9565217391305,168.1304347826087,1.0,1970-01-01
234,4,13.466869003056777,53.08257303272768,2005.0,5197.782608695652,2859.086956521739,4712.695652173913,887.4782608695652,2508.1739130434785,562.2173913043479,1097.8260869565217,1514.8695652173913,5393.086956521739,785.695652173913,184.34782608695653,0.43478260869565216,1970-01-01
235,0,13.469114791267076,53.08257303272768,2001.0,5394.565217391304,3338.3478260869565,7937.739130434783,953.0869565217391,2957.913043478261,489.60869565217394,953.2173913043479,2315.6521739130435,5416.913043478261,-371.60869565217394,184.04347826086956,0.6521739130434783,1970-01-01
236,1,13.469114791267076,53.08257303272768,2002.0,5634.478260869565,3249.3478260869565,7400.086956521739,726.304347826087,2634.086956521739,339.17391304347825,892.1739130434783,2447.0,5334.869565217391,3654.304347826087,184.69565217391303,0.7391304347826086,1970-01-01
237,2,13.469114791267076,53.08257303272768,2003.0,4258.173913043478,2621.3478260869565,7354.826086956522,1542.304347826087,3107.086956521739,1087.3478260869565,1380.2173913043478,1884.7391304347825,5389.478260869565,4948.652173913043,169.43478260869566,1.0434782608695652,1970-01-01
238,3,13.469114791267076,53.08257303272768,2004.0,4884.913043478261,2864.782608695652,3997.608695652174,1076.2608695652175,2714.782608695652,629.6521739130435,1001.1304347826087,2383.1304347826085,5425.826086956522,3489.9565217391305,168.1304347826087,1.0,1970-01-01
239,4,13.469114791267076,53.08257303272768,2005.0,4454.608695652174,2475.1304347826085,4712.695652173913,977.9565217391304,2428.608695652174,562.2173913043479,1097.8260869565217,1514.8695652173913,5393.086956521739,785.695652173913,184.34782608695653,0.43478260869565216,1970-01-01
240,0,13.471360579477375,53.08257303272768,2001.0,6026.869565217391,4226.869565217391,7670.608695652174,919.1739130434783,3439.913043478261,563.7391304347826,919.2608695652174,2314.695652173913,5416.782608695652,-404.1304347826087,184.04347826086956,0.6521739130434783,1970-01-01
241,1,13.471360579477375,53.08257303272768,2002.0,5661.695652173913,3545.2608695652175,5734.478260869565,742.0,2810.1739130434785,391.82608695652175,1006.3478260869565,2402.7391304347825,5341.347826086957,3707.478260869565,184.7826086956522,0.6086956521739131,1970-01-01
242,2,13.471360579477375,53.08257303272768,2003.0,4366.304347826087,2741.217391304348,5694.913043478261,1504.5217391304348,3131.608695652174,1090.3478260869565,1304.5217391304348,2060.4347826086955,5413.608695652174,4100.304347826087,168.95652173913044,1.0434782608695652,1970-01-01
243,3,13.471360579477375,53.08257303272768,2004.0,5154.173913043478,3293.9565217391305,3463.3478260869565,1050.6521739130435,2928.3478260869565,597.4347826086956,1013.304347826087,2247.6521739130435,5414.173913043478,4350.217391304348,168.30434782608697,1.0,1970-01-01
244,4,13.471360579477375,53.08257303272768,2005.0,4439.521739130435,2514.4347826086955,4534.434782608696,1082.1739130434783,2543.478260869565,638.6086956521739,1144.0434782608695,1409.5652173913043,5392.826086956522,783.0434782608696,184.17391304347825,0.43478260869565216,1970-01-01
245,0,13.473606367687674,53.08257303272768,2001.0,6026.869565217391,4226.869565217391,7670.608695652174,919.1739130434783,3439.913043478261,563.7391304347826,919.2608695652174,2314.695652173913,5416.782608695652,-404.1304347826087,184.04347826086956,0.6521739130434783,1970-01-01
246,1,13.473606367687674,53.08257303272768,2002.0,5661.695652173913,3545.2608695652175,5734.478260869565,742.0,2810.1739130434785,391.82608695652175,1006.3478260869565,2402.7391304347825,5341.347826086957,3707.478260869565,184.7826086956522,0.6086956521739131,1970-01-01
247,2,13.473606367687674,53.08257303272768,2003.0,4366.304347826087,2741.217391304348,5694.913043478261,1504.5217391304348,3131.608695652174,1090.3478260869565,1304.5217391304348,2060.4347826086955,5413.608695652174,4100.304347826087,168.95652173913044,1.0434782608695652,1970-01-01
248,3,13.473606367687674,53.08257303272768,2004.0,5154.173913043478,3293.9565217391305,3463.3478260869565,1050.6521739130435,2928.3478260869565,597.4347826086956,1013.304347826087,2247.6521739130435,5414.173913043478,4350.217391304348,168.30434782608697,1.0,1970-01-01
249,4,13.473606367687674,53.08257303272768,2005.0,4439.521739130435,2514.4347826086955,4534.434782608696,1082.1739130434783,2543.478260869565,638.6086956521739,1144.0434782608695,1409.5652173913043,5392.826086956522,783.0434782608696,184.17391304347825,0.43478260869565216,1970-01-01
250,0,13.475852155897972,53.08257303272768,2001.0,6228.304347826087,4543.695652173913,7670.608695652174,891.3478260869565,3596.9565217391305,563.7391304347826,919.2608695652174,2314.695652173913,5416.782608695652,-404.1304347826087,184.04347826086956,0.6521739130434783,1970-01-01
251,1,13.475852155897972,53.08257303272768,2002.0,5570.782608695652,3485.913043478261,5734.478260869565,764.4782608695652,2834.695652173913,391.82608695652175,1006.3478260869565,2402.7391304347825,5341.347826086957,3707.478260869565,184.7826086956522,0.6086956521739131,1970-01-01
252,2,13.475852155897972,53.08257303272768,2003.0,4199.608695652174,2723.9565217391305,5694.913043478261,1612.0,3262.0434782608695,1090.3478260869565,1304.5217391304348,2060.4347826086955,5413.608695652174,4100.304347826087,168.95652173913044,1.0434782608695652,1970-01-01
253,3,13.475852155897972,53.08257303272768,2004.0,5049.391304347826,3405.9565217391305,3463.3478260869565,1071.1739130434783,3062.217391304348,597.4347826086956,1013.304347826087,2247.6521739130435,5414.173913043478,4350.217391304348,168.30434782608697,1.0,1970-01-01
254,4,13.475852155897972,53.08257303272768,2005.0,4763.608695652174,2733.9565217391305,4534.434782608696,1062.3478260869565,2643.304347826087,638.6086956521739,1144.0434782608695,1409.5652173913043,5392.826086956522,783.0434782608696,184.17391304347825,0.43478260869565216,1970-01-01
255,0,13.47809794410827,53.08257303272768,2001.0,6228.304347826087,4543.695652173913,7670.608695652174,891.3478260869565,3596.9565217391305,563.7391304347826,919.2608695652174,2314.695652173913,5416.782608695652,-404.1304347826087,184.04347826086956,0.6521739130434783,1970-01-01
256,1,13.47809794410827,53.08257303272768,2002.0,5570.782608695652,3485.913043478261,5734.478260869565,764.4782608695652,2834.695652173913,391.82608695652175,1006.3478260869565,2402.7391304347825,5341.347826086957,3707.478260869565,184.7826086956522,0.6086956521739131,1970-01-01
257,2,13.47809794410827,53.08257303272768,2003.0,4199.608695652174,2723.9565217391305,5694.913043478261,1612.0,3262.0434782608695,1090.3478260869565,1304.5217391304348,2060.4347826086955,5413.608695652174,4100.304347826087,168.95652173913044,1.0434782608695652,1970-01-01
258,3,13.47809794410827,53.08257303272768,2004.0,5049.391304347826,3405.9565217391305,3463.3478260869565,1071.1739130434783,3062.217391304348,597.4347826086956,1013.304347826087,2247.6521739130435,5414.173913043478,4350.217391304348,168.30434782608697,1.0,1970-01-01
259,4,13.47809794410827,53.08257303272768,2005.0,4763.608695652174,2733.9565217391305,4534.434782608696,1062.3478260869565,2643.304347826087,638.6086956521739,1144.0434782608695,1409.5652173913043,5392.826086956522,783.0434782608696,184.17391304347825,0.43478260869565216,1970-01-01
260,0,13.48034373231857,53.08257303272768,2001.0,6021.826086956522,4134.0,7567.478260869565,973.6086956521739,3458.217391304348,583.2173913043479,843.304347826087,2301.782608695652,5440.130434782609,287.1304347826087,184.2173913043478,0.6956521739130435,1970-01-01
261,1,13.48034373231857,53.08257303272768,2002.0,5535.695652173913,3244.3478260869565,9188.565217391304,726.0434782608696,2631.1739130434785,382.30434782608694,764.9130434782609,2537.304347826087,5342.217391304348,4500.95652173913,184.7391304347826,0.7391304347826086,1970-01-01
262,2,13.48034373231857,53.08257303272768,2003.0,4349.565217391304,2604.478260869565,4011.478260869565,1468.0,3003.8260869565215,902.695652173913,1095.1304347826087,2032.608695652174,5368.304347826087,5630.608695652174,169.8695652173913,1.0,1970-01-01
263,3,13.48034373231857,53.08257303272768,2004.0,4928.478260869565,3321.391304347826,3686.521739130435,1188.304347826087,3175.6521739130435,614.0869565217391,931.6521739130435,2423.5652173913045,5422.869565217391,3065.8695652173915,168.3913043478261,1.0869565217391304,1970-01-01
264,4,13.48034373231857,53.08257303272768,2005.0,4924.173913043478,2721.3478260869565,4275.608695652174,1044.9565217391305,2638.478260869565,489.3478260869565,933.5652173913044,1408.9565217391305,5379.869565217391,1965.6521739130435,184.7826086956522,0.4782608695652174,1970-01-01
265,0,13.482589520528869,53.08257303272768,2001.0,6004.565217391304,3596.0434782608695,7567.478260869565,784.4782608695652,2768.7391304347825,583.2173913043479,843.304347826087,2301.782608695652,5440.130434782609,287.1304347826087,184.2173913043478,0.6956521739130435,1970-01-01
266,1,13.482589520528869,53.08257303272768,2002.0,6225.260869565217,3525.304347826087,9188.565217391304,570.4347826086956,2463.4347826086955,382.30434782608694,764.9130434782609,2537.304347826087,5342.217391304348,4500.95652173913,184.7391304347826,0.7391304347826086,1970-01-01
267,2,13.482589520528869,53.08257303272768,2003.0,5020.739130434783,2880.4347826086955,4011.478260869565,1067.2608695652175,2583.913043478261,902.695652173913,1095.1304347826087,2032.608695652174,5368.304347826087,5630.608695652174,169.8695652173913,1.0,1970-01-01
268,3,13.482589520528869,53.08257303272768,2004.0,5499.782608695652,3255.0434782608695,3686.521739130435,962.7826086956521,2716.6521739130435,614.0869565217391,931.6521739130435,2423.5652173913045,5422.869565217391,3065.8695652173915,168.3913043478261,1.0869565217391304,1970-01-01
269,4,13.482589520528869,53.08257303272768,2005.0,6003.0,3208.782608695652,4275.608695652174,628.0434782608696,2291.8260869565215,489.3478260869565,933.5652173913044,1408.9565217391305,5379.869565217391,1965.6521739130435,184.7826086956522,0.4782608695652174,1970-01-01
270,0,13.484835308739168,53.08257303272768,2001.0,6004.565217391304,3596.0434782608695,7567.478260869565,784.4782608695652,2768.7391304347825,583.2173913043479,843.304347826087,2301.782608695652,5440.130434782609,287.1304347826087,184.2173913043478,0.6956521739130435,1970-01-01
271,1,13.484835308739168,53.08257303272768,2002.0,6225.260869565217,3525.304347826087,9188.565217391304,570.4347826086956,2463.4347826086955,382.30434782608694,764.9130434782609,2537.304347826087,5342.217391304348,4500.95652173913,184.7391304347826,0.7391304347826086,1970-01-01
272,2,13.484835308739168,53.08257303272768,2003.0,5020.739130434783,2880.4347826086955,4011.478260869565,1067.2608695652175,2583.913043478261,902.695652173913,1095.1304347826087,2032.608695652174,5368.304347826087,5630.608695652174,169.8695652173913,1.0,1970-01-01
273,3,13.484835308739168,53.08257303272768,2004.0,5499.782608695652,3255.0434782608695,3686.521739130435,962.7826086956521,2716.6521739130435,614.0869565217391,931.6521739130435,2423.5652173913045,5422.869565217391,3065.8695652173915,168.3913043478261,1.0869565217391304,1970-01-01
274,4,13.484835308739168,53.08257303272768,2005.0,6003.0,3208.782608695652,4275.608695652174,628.0434782608696,2291.8260869565215,489.3478260869565,933.5652173913044,1408.9565217391305,5379.869565217391,1965.6521739130435,184.7826086956522,0.4782608695652174,1970-01-01
275,0,13.462377426636179,53.084818820937976,2001.0,4961.869565217391,2933.391304347826,10250.217391304348,936.5652173913044,2638.0,605.4782608695652,1158.1739130434783,2221.086956521739,5410.173913043478,82.8695652173913,184.08695652173913,0.6086956521739131,1970-01-01
276,1,13.462377426636179,53.084818820937976,2002.0,5478.739130434783,3476.7391304347825,8849.347826086956,849.2608695652174,2863.1304347826085,535.2173913043479,1107.7826086956522,2383.086956521739,5352.086956521739,3585.913043478261,184.47826086956522,0.8260869565217391,1970-01-01
277,2,13.462377426636179,53.084818820937976,2003.0,4467.173913043478,2802.1304347826085,5102.478260869565,1436.0,3053.782608695652,1125.0,1484.5652173913043,1714.304347826087,5390.913043478261,4852.652173913043,168.95652173913044,1.0869565217391304,1970-01-01
278,3,13.462377426636179,53.084818820937976,2004.0,5098.478260869565,3281.0434782608695,6046.086956521739,1065.0434782608695,2886.0,819.3478260869565,1370.8695652173913,2402.7391304347825,5427.695652173913,3460.5652173913045,168.2608695652174,0.9130434782608695,1970-01-01
279,4,13.462377426636179,53.084818820937976,2005.0,5659.347826086957,3605.1739130434785,7120.347826086957,986.6086956521739,3036.2608695652175,626.3478260869565,1334.4347826086957,1512.5652173913043,5392.347826086957,2638.782608695652,184.6086956521739,0.43478260869565216,1970-01-01
280,0,13.464623214846478,53.084818820937976,2001.0,4961.869565217391,2933.391304347826,10250.217391304348,936.5652173913044,2638.0,605.4782608695652,1158.1739130434783,2221.086956521739,5410.173913043478,82.8695652173913,184.08695652173913,0.6086956521739131,1970-01-01
281,1,13.464623214846478,53.084818820937976,2002.0,5478.739130434783,3476.7391304347825,8849.347826086956,849.2608695652174,2863.1304347826085,535.2173913043479,1107.7826086956522,2383.086956521739,5352.086956521739,3585.913043478261,184.47826086956522,0.8260869565217391,1970-01-01
282,2,13.464623214846478,53.084818820937976,2003.0,4467.173913043478,2802.1304347826085,5102.478260869565,1436.0,3053.782608695652,1125.0,1484.5652173913043,1714.304347826087,5390.913043478261,4852.652173913043,168.95652173913044,1.0869565217391304,1970-01-01
283,3,13.464623214846478,53.084818820937976,2004.0,5098.478260869565,3281.0434782608695,6046.086956521739,1065.0434782608695,2886.0,819.3478260869565,1370.8695652173913,2402.7391304347825,5427.695652173913,3460.5652173913045,168.2608695652174,0.9130434782608695,1970-01-01
284,4,13.464623214846478,53.084818820937976,2005.0,5659.347826086957,3605.1739130434785,7120.347826086957,986.6086956521739,3036.2608695652175,626.3478260869565,1334.4347826086957,1512.5652173913043,5392.347826086957,2638.782608695652,184.6086956521739,0.43478260869565216,1970-01-01
285,0,13.466869003056777,53.084818820937976,2001.0,4719.826086956522,2791.3478260869565,9992.173913043478,1031.0434782608695,2686.8695652173915,605.6521739130435,1026.5217391304348,2436.4347826086955,5419.478260869565,-415.82608695652175,184.2173913043478,0.6521739130434783,1970-01-01
286,1,13.466869003056777,53.084818820937976,2002.0,5712.782608695652,3520.913043478261,6352.260869565217,741.9130434782609,2803.1304347826085,371.7826086956522,952.0,2312.9565217391305,5327.434782608696,4419.782608695652,184.7391304347826,0.7391304347826086,1970-01-01
287,2,13.466869003056777,53.084818820937976,2003.0,4498.391304347826,2817.391304347826,6580.434782608696,1456.0,3123.086956521739,1182.608695652174,1270.5652173913043,1931.0,5375.913043478261,5187.739130434783,169.47826086956522,1.1304347826086956,1970-01-01
288,3,13.466869003056777,53.084818820937976,2004.0,5441.173913043478,3551.6521739130435,4220.782608695652,1066.391304347826,3125.8260869565215,722.0,1078.391304347826,2271.0,5431.304347826087,3490.695652173913,168.6086956521739,1.0869565217391304,1970-01-01
289,4,13.466869003056777,53.084818820937976,2005.0,5822.347826086957,3840.6521739130435,7209.391304347826,921.9130434782609,3172.0434782608695,597.0434782608696,1168.7826086956522,1512.5652173913043,5397.086956521739,1968.0434782608695,184.69565217391303,0.43478260869565216,1970-01-01
290,0,13.469114791267076,53.084818820937976,2001.0,5126.782608695652,2980.0434782608695,9992.173913043478,851.7826086956521,2539.3478260869565,605.6521739130435,1026.5217391304348,2436.4347826086955,5419.478260869565,-415.82608695652175,184.2173913043478,0.6521739130434783,1970-01-01
291,1,13.469114791267076,53.084818820937976,2002.0,5777.869565217391,3395.608695652174,6352.260869565217,686.5652173913044,2602.521739130435,371.7826086956522,952.0,2312.9565217391305,5327.434782608696,4419.782608695652,184.7391304347826,0.7391304347826086,1970-01-01
292,2,13.469114791267076,53.084818820937976,2003.0,4487.217391304348,2646.695652173913,6580.434782608696,1332.1304347826087,2796.1304347826085,1182.608695652174,1270.5652173913043,1931.0,5375.913043478261,5187.739130434783,169.47826086956522,1.1304347826086956,1970-01-01
293,3,13.469114791267076,53.084818820937976,2004.0,5153.130434782609,3095.6521739130435,4220.782608695652,1030.9565217391305,2744.1304347826085,722.0,1078.391304347826,2271.0,5431.304347826087,3490.695652173913,168.6086956521739,1.0869565217391304,1970-01-01
294,4,13.469114791267076,53.084818820937976,2005.0,5194.739130434783,2996.217391304348,7209.391304347826,930.5217391304348,2637.8260869565215,597.0434782608696,1168.7826086956522,1512.5652173913043,5397.086956521739,1968.0434782608695,184.69565217391303,0.43478260869565216,1970-01-01
295,0,13.471360579477375,53.084818820937976,2001.0,5126.782608695652,2980.0434782608695,9992.173913043478,851.7826086956521,2539.3478260869565,605.6521739130435,1026.5217391304348,2436.4347826086955,5419.478260869565,-415.82608695652175,184.2173913043478,0.6521739130434783,1970-01-01
296,1,13.471360579477375,53.084818820937976,2002.0,5777.869565217391,3395.608695652174,6352.260869565217,686.5652173913044,2602.521739130435,371.7826086956522,952.0,2312.9565217391305,5327.434782608696,4419.782608695652,184.7391304347826,0.7391304347826086,1970-01-01
297,2,13.471360579477375,53.084818820937976,2003.0,4487.217391304348,2646.695652173913,6580.434782608696,1332.1304347826087,2796.1304347826085,1182.608695652174,1270.5652173913043,1931.0,5375.913043478261,5187.739130434783,169.47826086956522,1.1304347826086956,1970-01-01
298,3,13.471360579477375,53.084818820937976,2004.0,5153.130434782609,3095.6521739130435,4220.782608695652,1030.9565217391305,2744.1304347826085,722.0,1078.391304347826,2271.0,5431.304347826087,3490.695652173913,168.6086956521739,1.0869565217391304,1970-01-01
299,4,13.471360579477375,53.084818820937976,2005.0,5194.739130434783,2996.217391304348,7209.391304347826,930.5217391304348,2637.8260869565215,597.0434782608696,1168.7826086956522,1512.5652173913043,5397.086956521739,1968.0434782608695,184.69565217391303,0.43478260869565216,1970-01-01
300,0,13.473606367687674,53.084818820937976,2001.0,5835.565217391304,3602.0,8464.0,748.7391304347826,2754.3478260869565,571.5217391304348,950.304347826087,2649.608695652174,5444.347826086957,-434.60869565217394,183.47826086956522,0.6956521739130435,1970-01-01
301,1,13.473606367687674,53.084818820937976,2002.0,5930.913043478261,3266.391304347826,7674.260869565217,612.9130434782609,2383.5652173913045,362.5217391304348,853.1739130434783,2514.4347826086955,5352.913043478261,3714.3478260869565,184.95652173913044,0.6086956521739131,1970-01-01
302,2,13.473606367687674,53.084818820937976,2003.0,4244.913043478261,2423.608695652174,6215.391304347826,1697.3478260869565,3094.913043478261,1214.0869565217392,1322.1304347826087,2344.391304347826,5385.608695652174,4770.217391304348,184.8695652173913,1.0,1970-01-01
303,3,13.473606367687674,53.084818820937976,2004.0,5512.608695652174,3477.217391304348,3819.521739130435,905.0434782608696,2789.8260869565215,701.1739130434783,957.4782608695652,2263.913043478261,5417.304347826087,4357.565217391304,168.6086956521739,1.0,1970-01-01
304,4,13.473606367687674,53.084818820937976,2005.0,5202.173913043478,2818.8260869565215,4963.0,833.7391304347826,2369.5652173913045,554.7391304347826,929.9565217391304,1410.2608695652175,5384.217391304348,2090.3478260869565,184.52173913043478,0.5217391304347826,1970-01-01
305,0,13.475852155897972,53.084818820937976,2001.0,6260.0,4092.391304347826,8464.0,740.4782608695652,3002.913043478261,571.5217391304348,950.304347826087,2649.608695652174,5444.347826086957,-434.60869565217394,183.47826086956522,0.6956521739130435,1970-01-01
306,1,13.475852155897972,53.084818820937976,2002.0,6033.260869565217,3520.5652173913045,7674.260869565217,647.6521739130435,2612.782608695652,362.5217391304348,853.1739130434783,2514.4347826086955,5352.913043478261,3714.3478260869565,184.95652173913044,0.6086956521739131,1970-01-01
307,2,13.475852155897972,53.084818820937976,2003.0,4256.608695652174,2494.608695652174,6215.391304347826,1627.7391304347825,3055.8695652173915,1214.0869565217392,1322.1304347826087,2344.391304347826,5385.608695652174,4770.217391304348,184.8695652173913,1.0,1970-01-01
308,3,13.475852155897972,53.084818820937976,2004.0,5482.695652173913,3576.782608695652,3819.521739130435,979.9130434782609,2954.0,701.1739130434783,957.4782608695652,2263.913043478261,5417.304347826087,4357.565217391304,168.6086956521739,1.0,1970-01-01
309,4,13.475852155897972,53.084818820937976,2005.0,5573.217391304348,3069.217391304348,4963.0,777.7391304347826,2418.8260869565215,554.7391304347826,929.9565217391304,1410.2608695652175,5384.217391304348,2090.3478260869565,184.52173913043478,0.5217391304347826,1970-01-01
310,0,13.47809794410827,53.084818820937976,2001.0,6260.0,4092.391304347826,8464.0,740.4782608695652,3002.913043478261,571.5217391304348,950.304347826087,2649.608695652174,5444.347826086957,-434.60869565217394,183.47826086956522,0.6956521739130435,1970-01-01
311,1,13.47809794410827,53.084818820937976,2002.0,6033.260869565217,3520.5652173913045,7674.260869565217,647.6521739130435,2612.782608695652,362.5217391304348,853.1739130434783,2514.4347826086955,5352.913043478261,3714.3478260869565,184.95652173913044,0.6086956521739131,1970-01-01
312,2,13.47809794410827,53.084818820937976,2003.0,4256.608695652174,2494.608695652174,6215.391304347826,1627.7391304347825,3055.8695652173915,1214.0869565217392,1322.1304347826087,2344.391304347826,5385.608695652174,4770.217391304348,184.8695652173913,1.0,1970-01-01
313,3,13.47809794410827,53.084818820937976,2004.0,5482.695652173913,3576.782608695652,3819.521739130435,979.9130434782609,2954.0,701.1739130434783,957.4782608695652,2263.913043478261,5417.304347826087,4357.565217391304,168.6086956521739,1.0,1970-01-01
314,4,13.47809794410827,53.084818820937976,2005.0,5573.217391304348,3069.217391304348,4963.0,777.7391304347826,2418.8260869565215,554.7391304347826,929.9565217391304,1410.2608695652175,5384.217391304348,2090.3478260869565,184.52173913043478,0.5217391304347826,1970-01-01
315,0,13.48034373231857,53.084818820937976,2001.0,5559.304347826087,3567.1304347826085,5105.0,930.0434782608696,2963.0,620.6521739130435,992.0,2453.913043478261,5439.304347826087,85.73913043478261,183.65217391304347,0.9130434782608695,1970-01-01
316,1,13.48034373231857,53.084818820937976,2002.0,5974.0,3747.217391304348,6313.95652173913,709.5217391304348,2839.3478260869565,424.7826086956522,994.2608695652174,2214.1304347826085,5329.086956521739,4467.521739130435,184.91304347826087,0.7391304347826086,1970-01-01
317,2,13.48034373231857,53.084818820937976,2003.0,4580.478260869565,2769.4347826086955,5842.826086956522,1398.8695652173913,2996.478260869565,1045.1304347826087,1298.7826086956522,2145.7391304347825,5363.0,5412.086956521739,169.2608695652174,0.9130434782608695,1970-01-01
318,3,13.48034373231857,53.084818820937976,2004.0,5048.608695652174,3193.4347826086955,3864.7391304347825,1085.7391304347825,2931.0,636.695652173913,1053.608695652174,2480.391304347826,5415.130434782609,4417.304347826087,168.56521739130434,1.0,1970-01-01
319,4,13.48034373231857,53.084818820937976,2005.0,5231.521739130435,3007.4347826086955,4336.869565217391,987.1304347826087,2677.782608695652,613.8260869565217,1063.1304347826087,1267.7391304347825,5395.130434782609,1790.9130434782608,185.3913043478261,0.4782608695652174,1970-01-01
320,0,13.482589520528869,53.084818820937976,2001.0,5776.652173913043,3702.521739130435,5105.0,875.4347826086956,2978.4347826086955,620.6521739130435,992.0,2453.913043478261,5439.304347826087,85.73913043478261,183.65217391304347,0.9130434782608695,1970-01-01
321,1,13.482589520528869,53.084818820937976,2002.0,6330.695652173913,4079.0434782608695,6313.95652173913,648.3913043478261,2932.086956521739,424.7826086956522,994.2608695652174,2214.1304347826085,5329.086956521739,4467.521739130435,184.91304347826087,0.7391304347826086,1970-01-01
322,2,13.482589520528869,53.084818820937976,2003.0,4840.260869565217,3082.913043478261,5842.826086956522,1352.304347826087,3111.7391304347825,1045.1304347826087,1298.7826086956522,2145.7391304347825,5363.0,5412.086956521739,169.2608695652174,0.9130434782608695,1970-01-01
323,3,13.482589520528869,53.084818820937976,2004.0,5495.04347826087,3543.478260869565,3864.7391304347825,1031.5217391304348,3049.0434782608695,636.695652173913,1053.608695652174,2480.391304347826,5415.130434782609,4417.304347826087,168.56521739130434,1.0,1970-01-01
324,4,13.482589520528869,53.084818820937976,2005.0,5757.173913043478,3548.086956521739,4336.869565217391,866.5652173913044,2852.8260869565215,613.8260869565217,1063.1304347826087,1267.7391304347825,5395.130434782609,1790.9130434782608,185.3913043478261,0.4782608695652174,1970-01-01
325,0,13.484835308739168,53.084818820937976,2001.0,5776.652173913043,3702.521739130435,5105.0,875.4347826086956,2978.4347826086955,620.6521739130435,992.0,2453.913043478261,5439.304347826087,85.73913043478261,183.65217391304347,0.9130434782608695,1970-01-01
326,1,13.484835308739168,53.084818820937976,2002.0,6330.695652173913,4079.0434782608695,6313.95652173913,648.3913043478261,2932.086956521739,424.7826086956522,994.2608695652174,2214.1304347826085,5329.086956521739,4467.521739130435,184.91304347826087,0.7391304347826086,1970-01-01
327,2,13.484835308739168,53.084818820937976,2003.0,4840.260869565217,3082.913043478261,5842.826086956522,1352.304347826087,3111.7391304347825,1045.1304347826087,1298.7826086956522,2145.7391304347825,5363.0,5412.086956521739,169.2608695652174,0.9130434782608695,1970-01-01
328,3,13.484835308739168,53.084818820937976,2004.0,5495.04347826087,3543.478260869565,3864.7391304347825,1031.5217391304348,3049.0434782608695,636.695652173913,1053.608695652174,2480.391304347826,5415.130434782609,4417.304347826087,168.56521739130434,1.0,1970-01-01
329,4,13.484835308739168,53.084818820937976,2005.0,5757.173913043478,3548.086956521739,4336.869565217391,866.5652173913044,2852.8260869565215,613.8260869565217,1063.1304347826087,1267.7391304347825,5395.130434782609,1790.9130434782608,185.3913043478261,0.4782608695652174,1970-01-01
